rank,videoId,title,channelTitle,publishedAt,region,type,firstSeen,lastSeen,isTracking,url,viewHistory,hashtags,likeHistory,commentHistory,durationSeconds
1,CGxcb4iEnAk,ğŸ«æœ€æ–°ï¼å°ç£äººä¹Ÿè½ä¸æ‡‚çš„å°ç£ç¶“å…¸å»£å‘Šï¼ft.æ²ˆç‰ç³ã€é»‘é¾ã€éŸ“åœ‹å¥³ç”ŸJudy,Ku's dreamé…·çš„å¤¢-,2025-09-13T10:00:29Z,TW,videos,2025-09-16,2025-09-16,TRUE,https://www.youtube.com/watch?v=CGxcb4iEnAk,"631,784",,21546,1368,1328
2,5v6Rj1OkIyM,é»‘è¡£å·²ç¶“åšå¥½é˜²ç¦¦ #å°ç£ #å°åŒ— #æç¬‘ #è¿·å› ,å°èˆ55,2025-09-12T03:15:19Z,TW,videos,2025-09-16,2025-09-16,TRUE,https://www.youtube.com/watch?v=5v6Rj1OkIyM,"626,741","#å°ç£,#å°åŒ—,#æç¬‘,#è¿·å› ",956,0,7
3,NQ03eZk16tk,U18ä¸–ç•Œç›ƒã€‹ å°ç£éŸ“åœ‹éŠ…ç‰Œæˆ° é—œéµæ”¹åˆ¤ #u18 #æ£’çƒ,æ€ªè«‡ç›²ç›’,2025-09-14T10:15:03Z,TW,videos,2025-09-16,2025-09-16,TRUE,https://www.youtube.com/watch?v=NQ03eZk16tk,"547,501",,4285,186,25
4,NpI5jqpLA_g,é’å¤©ç™½æ—¥æ——é£›æš åŠ æ‹¿å¤§æ¢å¾©æ‡¸æ›å°ç£åœ‹æ—— å°ç£æ‰“è´ä¸­å…± #å°ç£ #å°ç£äºº,ä¸–ç•Œçœ‹å°ç£,2025-09-12T13:20:00Z,TW,videos,2025-09-16,2025-09-16,TRUE,https://www.youtube.com/watch?v=NpI5jqpLA_g,"506,570","#å°ç£,#å°ç£äºº",6530,401,22
5,0OeclrMWNOU,ã€æœ€æ–°ã€‘ã€Šä¸­æ–‡åç´šæ•™å­¸ã€‹ #æå®—æ† #æç¬‘ #å…§å®¹éæ–¼çœŸå¯¦ #åŠ‡æƒ… #åè½‰ #ç†±é–€ #funny #shorts,æå…ˆç”ŸMr. Lee,2025-09-15T00:19:15Z,TW,videos,2025-09-16,2025-09-16,TRUE,https://www.youtube.com/watch?v=0OeclrMWNOU,"498,342",,19515,673,76
6,p6iIAm8tX3o,ã€å…¨å°ç£éƒ½åœ¨è›¤ã€‘è½åˆ°Lulué™³æ¼¢å…¸çµå©š ç¾ç”²å¸«èˆ‡å®¢äººç˜‹ç‹‚:è›¤?!ï½œé™³æ¼¢å…¸ï½œLuluï½œçµå©šï½œç¾ç”²ï½œå®¢äººï½œéœ‡é©š,udn video,2025-09-12T05:28:16Z,TW,videos,2025-09-16,2025-09-16,TRUE,https://www.youtube.com/watch?v=p6iIAm8tX3o,"476,317","#é™³æ¼¢å…¸,#lulu,#çµå©š,#ç¾ç”²,#å®¢äºº,#éœ‡é©š,#shorts,#ç¤¾ç¾¤ç†±æœ,#news,#udn,#video",7141,415,46
7,JbjpPMMlWJg,ä¸­åœ‹ç¶²å‹ã€Œå°ç£äººåˆ¥æ‹¿é ˜å°äººæ¶ˆé£ï¼ã€å°ç£äººæœ€æ„›ç›´æ’­é–“ã€ŒSKæœˆäº®æ¹–217ã€é™åˆ¶æœå°‹ã€Œå…¨é å°ç£äººæ…·æ…¨æŠ–å…§ï¼ã€å°é„­åœ¨æ—¥æœ¬,å°é„­åœ¨æ—¥æœ¬,2025-09-12T14:49:39Z,TW,videos,2025-09-16,2025-09-16,TRUE,https://www.youtube.com/watch?v=JbjpPMMlWJg,"436,329","#æ—¥æœ¬,#å°ç£,#ä¸­åœ‹",10628,2364,713
8,x2aOgnZWJq8,å‡ºç¾æ³¨éŸ³ã€Œã„’ã„ã„†ã„”ã„•ã€å°ç£äººæœ€æ„›æŠ–éŸ³ã€ŒSKæœˆäº®æ¹–217ã€ä¸€å€‹ç¦®æ‹œè¢«å°ç¦ä¸‰æ¬¡ï¼ï¼ï¼æ¥“è‘‰æ›æ–°è¡£æœäº†...å°é„­åœ¨æ—¥æœ¬,å°é„­åœ¨æ—¥æœ¬,2025-09-15T14:50:28Z,TW,videos,2025-09-16,2025-09-16,TRUE,https://www.youtube.com/watch?v=x2aOgnZWJq8,"428,892","#æ—¥æœ¬,#å°ç£,#ä¸­åœ‹",10713,2299,663
9,jsPLGtL-CXI,æŸ¯å…‹æ ¡åœ’æ¼”è¬›é‡åˆºèº«äº¡ã€€æ˜”èˆ‡ä¸­åœ‹å­¸ç”Ÿè¾¯è«–ç‰‡æ®µæ€ç†±è­°ï½œ#å…¨æ°‘è©±ç‡’,å…¨æ°‘è©±ç‡’,2025-09-13T01:00:53Z,TW,videos,2025-09-16,2025-09-16,TRUE,https://www.youtube.com/watch?v=jsPLGtL-CXI,"398,341","#æŸ¥ç†æŸ¯å…‹,#charliekirk,#ç¾åœ‹,#ä¿å®ˆ,#æ§æ“Š,#å°ç£,#ç¨ç«‹,#ä¸­å…±,#å…¨æ°‘è©±ç‡’",4548,415,38
10,QaBFLil3BR8,å°ç£æ½›è¦å‰‡ï¼šåªæœ‰å§å§ï¼Œæ²’æœ‰é˜¿å§¨ã€‚ #æ–‡åŒ–å·®ç•° #é–‹æ ¹è™Ÿftl #å¹´ç´€,é–‹æ ¹è™Ÿ FTL,2025-09-14T12:00:47Z,TW,videos,2025-09-16,2025-09-16,TRUE,https://www.youtube.com/watch?v=QaBFLil3BR8,"389,828","#é–‹æ ¹è™Ÿftl,#æ–‡åŒ–å·®ç•°",8961,594,88
11,g5NZzE3MByw,[ä¸­æ–‡] CFO vs PSG | LCP 2025 Season Finals Playoffs Day 5,LoLEsportsTW ,2025-09-13T14:14:43Z,TW,videos,2025-09-16,2025-09-16,TRUE,https://www.youtube.com/watch?v=g5NZzE3MByw,"368,574",,1396,28,17119
12,Dfmgvkks0BE,å°±é€£å‚³å¥‡éŸ³æ¨‚è£½ä½œäººBennyæƒ³è·ŸRayè¦‹ä¸€é¢ğŸ‘€#ray #rayasianboy #kaicenat #kaicenatstream #mafiathon3 #bennyblanco  #ä¸­æ–‡,MKç¿»è­¯,2025-09-13T04:00:12Z,TW,videos,2025-09-16,2025-09-16,TRUE,https://www.youtube.com/watch?v=Dfmgvkks0BE,"351,102","#ray,#rayasianboy,#kaicenat,#kaicenatstream,#mafiathon3,#bennyblanco,#ä¸­æ–‡",8781,99,30
13,xHABQcXjA-I,"ä¸€è¼©å­ä½éŸ“åœ‹é„‰ä¸‹çš„å¤§ç”·äººèˆ…èˆ…ä¾†å°ç£, æˆ‘ç”¨å°ç£éº»è¾£æŠŠä»–å€‘çš„å¤§ç”·äººæ€æƒ³ç‡’æ‰",éŸ“åœ‹å¥³ç”ŸJudy,2025-09-14T05:45:03Z,TW,videos,2025-09-16,2025-09-16,TRUE,https://www.youtube.com/watch?v=xHABQcXjA-I,"346,539",,16328,1294,1181
14,kXvaVguOPfI,å°ç£ç¨å®¶æ¶å…ˆè©¦ç”¨iPhone17/17Pro/Airå…©å¤©å¿ƒå¾—ï¼æ‹ç…§ã€å¤–è§€é¡è‰²ã€äº®é»åŠŸèƒ½ï¼å…¥æ‰‹å‰å¿…çœ‹,3cTimå“¥ç”Ÿæ´»æ—¥å¸¸,2025-09-15T10:01:15Z,TW,videos,2025-09-16,2025-09-16,TRUE,https://www.youtube.com/watch?v=kXvaVguOPfI,"343,593","#iphone17review,#iphone17pro,#iphone17promax",3670,160,782
15,Pzc4enqWL6o,æ—¥æœ¬äººé«˜å‘¼å°ç£æŒºå° åŠ›æŠ—ä¸­å…±æ‰“å£“ å°ç£äººæ„Ÿå‹•å“­äº† å°æ—¥å‹å¥½ #å°ç£ #å°ç£äºº,ä¸–ç•Œçœ‹å°ç£,2025-09-13T12:10:00Z,TW,videos,2025-09-16,2025-09-16,TRUE,https://www.youtube.com/watch?v=Pzc4enqWL6o,"305,183","#å°ç£,#å°ç£äºº",6324,179,14
16,sPvRWIC7fkg,ã€å¾é›¶é–‹å§‹é¤Šã€‘å°ç£è‡´æ­»æ¯’è‡!10ç¨®æ¯’è‡ä»‹ç´¹!æ¯’è‡è·¯é‚Šæœ‰?ç¬¬äºŒé«˜å±±å¤§é›ªå±±å°‹æ¯’è‡?è¿·å¹»?æ‹‰è‚šå­?è·¯é‚Šé‡è‡èƒ½åƒå—?ã€è¨±ä¼¯ç°¡èŠã€‘,è¨±ä¼¯&ç°¡èŠâ€”å€‰é¼ äºº,2025-09-12T13:08:22Z,TW,videos,2025-09-16,2025-09-16,TRUE,https://www.youtube.com/watch?v=sPvRWIC7fkg,"300,688",,9936,533,1041
17,imJIPfRp6_E,å‚»å‚»çš„TotağŸ¤£  #ray #rayasianboy #kaicenat #kaicenatstream #mafiathon3 #totaamc #ä¸­æ–‡,MKç¿»è­¯,2025-09-12T04:00:56Z,TW,videos,2025-09-16,2025-09-16,TRUE,https://www.youtube.com/watch?v=imJIPfRp6_E,"298,669","#ray,#rayasianboy,#kaicenat,#kaicenatstream,#mafiathon3,#totaamc,#ä¸­æ–‡",7304,42,25
18,S9Cw7NzxXv8,ç¾ä¸­é˜²é•·ã€å¤–é•·å¯†é›†å°è©± å°ç£å•é¡Œå¯¸åœŸä¸è®“ã€Œè­·å°ã€é¢¨å‘æ”¹è®Šï¼Ÿft.éƒ­æ­£äº®ã€è”¡æ­£å…ƒã€Yahoo TV#é¢¨å‘é¾é³³é…ï½œCCå­—å¹•ã€‘,Yahooé¢¨å‘,2025-09-12T05:10:41Z,TW,videos,2025-09-16,2025-09-16,TRUE,https://www.youtube.com/watch?v=S9Cw7NzxXv8,"296,580","#éƒ­æ­£äº®,#è”¡æ­£å…ƒ,#å”æ¹˜é¾,#é™³é³³é¦¨",14635,811,3971
19,gszeDSfysd0,å…«ç‚¯å°æˆ°å°ç²‰ç´…ï¼èªªä¸­æ–‡å°±è©²ç•¶ä¸­åœ‹äººï¼Ÿ #shorts,æ”å¾’æ—¥è¨˜Fun TV,2025-09-15T15:23:07Z,TW,videos,2025-09-16,2025-09-16,TRUE,https://www.youtube.com/watch?v=gszeDSfysd0,"271,033","#ä¸­åœ‹,#å°ç£,#å…«ç‚¯,#æ”å¾’æ—¥è¨˜,#ä¸­å…±,#æ–‡æ˜­,#å…¬å­æ²ˆ,#æ³¢ç‰¹ç‹,#ä¸­é…,#å°ç²‰ç´…,#æ–‡æ˜­è«‡å¤è«–ä»Š,#é¤¨é•·,#å¼µå ¯,#å¤§ç´€å…ƒ,#æ–°å”äºº,#é—œéµæ™‚åˆ»,#æ—¥æœ¬,#ä¸­åœ‹è­·ç…§,#å°ç£è­·ç…§,#å…¥å°è­‰,#é™¸é…",8390,606,35
20,i2Xvo4vg-Yw,iPhone 17 å°ç£æ²’æœ‰æ»¿è¡€ç‰ˆï¼17 é …ä¸èƒ½èªªçš„ç§˜å¯†,è˜‹æœçˆ¹,2025-09-12T12:15:11Z,TW,videos,2025-09-16,2025-09-16,TRUE,https://www.youtube.com/watch?v=i2Xvo4vg-Yw,"262,497","#iphone17,#iphone17pro",2615,350,878
1,5v6Rj1OkIyM,é»‘è¡£å·²ç¶“åšå¥½é˜²ç¦¦ #å°ç£ #å°åŒ— #æç¬‘ #è¿·å› ,å°èˆ55,2025-09-12T03:15:19Z,TW,shorts,2025-09-16,2025-09-16,TRUE,https://www.youtube.com/watch?v=5v6Rj1OkIyM,"626,741","#å°ç£,#å°åŒ—,#æç¬‘,#è¿·å› ",956,0,7
2,NQ03eZk16tk,U18ä¸–ç•Œç›ƒã€‹ å°ç£éŸ“åœ‹éŠ…ç‰Œæˆ° é—œéµæ”¹åˆ¤ #u18 #æ£’çƒ,æ€ªè«‡ç›²ç›’,2025-09-14T10:15:03Z,TW,shorts,2025-09-16,2025-09-16,TRUE,https://www.youtube.com/watch?v=NQ03eZk16tk,"547,501",,4285,186,25
3,NpI5jqpLA_g,é’å¤©ç™½æ—¥æ——é£›æš åŠ æ‹¿å¤§æ¢å¾©æ‡¸æ›å°ç£åœ‹æ—— å°ç£æ‰“è´ä¸­å…± #å°ç£ #å°ç£äºº,ä¸–ç•Œçœ‹å°ç£,2025-09-12T13:20:00Z,TW,shorts,2025-09-16,2025-09-16,TRUE,https://www.youtube.com/watch?v=NpI5jqpLA_g,"506,570","#å°ç£,#å°ç£äºº",6530,401,22
4,p6iIAm8tX3o,ã€å…¨å°ç£éƒ½åœ¨è›¤ã€‘è½åˆ°Lulué™³æ¼¢å…¸çµå©š ç¾ç”²å¸«èˆ‡å®¢äººç˜‹ç‹‚:è›¤?!ï½œé™³æ¼¢å…¸ï½œLuluï½œçµå©šï½œç¾ç”²ï½œå®¢äººï½œéœ‡é©š,udn video,2025-09-12T05:28:16Z,TW,shorts,2025-09-16,2025-09-16,TRUE,https://www.youtube.com/watch?v=p6iIAm8tX3o,"476,317","#é™³æ¼¢å…¸,#lulu,#çµå©š,#ç¾ç”²,#å®¢äºº,#éœ‡é©š,#shorts,#ç¤¾ç¾¤ç†±æœ,#news,#udn,#video",7141,415,46
5,jsPLGtL-CXI,æŸ¯å…‹æ ¡åœ’æ¼”è¬›é‡åˆºèº«äº¡ã€€æ˜”èˆ‡ä¸­åœ‹å­¸ç”Ÿè¾¯è«–ç‰‡æ®µæ€ç†±è­°ï½œ#å…¨æ°‘è©±ç‡’,å…¨æ°‘è©±ç‡’,2025-09-13T01:00:53Z,TW,shorts,2025-09-16,2025-09-16,TRUE,https://www.youtube.com/watch?v=jsPLGtL-CXI,"398,341","#æŸ¥ç†æŸ¯å…‹,#charliekirk,#ç¾åœ‹,#ä¿å®ˆ,#æ§æ“Š,#å°ç£,#ç¨ç«‹,#ä¸­å…±,#å…¨æ°‘è©±ç‡’",4548,415,38
6,Dfmgvkks0BE,å°±é€£å‚³å¥‡éŸ³æ¨‚è£½ä½œäººBennyæƒ³è·ŸRayè¦‹ä¸€é¢ğŸ‘€#ray #rayasianboy #kaicenat #kaicenatstream #mafiathon3 #bennyblanco  #ä¸­æ–‡,MKç¿»è­¯,2025-09-13T04:00:12Z,TW,shorts,2025-09-16,2025-09-16,TRUE,https://www.youtube.com/watch?v=Dfmgvkks0BE,"351,102","#ray,#rayasianboy,#kaicenat,#kaicenatstream,#mafiathon3,#bennyblanco,#ä¸­æ–‡",8781,99,30
7,Pzc4enqWL6o,æ—¥æœ¬äººé«˜å‘¼å°ç£æŒºå° åŠ›æŠ—ä¸­å…±æ‰“å£“ å°ç£äººæ„Ÿå‹•å“­äº† å°æ—¥å‹å¥½ #å°ç£ #å°ç£äºº,ä¸–ç•Œçœ‹å°ç£,2025-09-13T12:10:00Z,TW,shorts,2025-09-16,2025-09-16,TRUE,https://www.youtube.com/watch?v=Pzc4enqWL6o,"305,183","#å°ç£,#å°ç£äºº",6324,179,14
8,imJIPfRp6_E,å‚»å‚»çš„TotağŸ¤£  #ray #rayasianboy #kaicenat #kaicenatstream #mafiathon3 #totaamc #ä¸­æ–‡,MKç¿»è­¯,2025-09-12T04:00:56Z,TW,shorts,2025-09-16,2025-09-16,TRUE,https://www.youtube.com/watch?v=imJIPfRp6_E,"298,669","#ray,#rayasianboy,#kaicenat,#kaicenatstream,#mafiathon3,#totaamc,#ä¸­æ–‡",7304,42,25
9,gszeDSfysd0,å…«ç‚¯å°æˆ°å°ç²‰ç´…ï¼èªªä¸­æ–‡å°±è©²ç•¶ä¸­åœ‹äººï¼Ÿ #shorts,æ”å¾’æ—¥è¨˜Fun TV,2025-09-15T15:23:07Z,TW,shorts,2025-09-16,2025-09-16,TRUE,https://www.youtube.com/watch?v=gszeDSfysd0,"271,033","#ä¸­åœ‹,#å°ç£,#å…«ç‚¯,#æ”å¾’æ—¥è¨˜,#ä¸­å…±,#æ–‡æ˜­,#å…¬å­æ²ˆ,#æ³¢ç‰¹ç‹,#ä¸­é…,#å°ç²‰ç´…,#æ–‡æ˜­è«‡å¤è«–ä»Š,#é¤¨é•·,#å¼µå ¯,#å¤§ç´€å…ƒ,#æ–°å”äºº,#é—œéµæ™‚åˆ»,#æ—¥æœ¬,#ä¸­åœ‹è­·ç…§,#å°ç£è­·ç…§,#å…¥å°è­‰,#é™¸é…",8391,606,35
10,VOP3RTPycj0,#æ•¸å­—å°ç£ 2300è¬å°ç£ï¼è¶…è»Š13å„„å°åº¦ï¼,æ•¸å­—å°ç£,2025-09-13T23:00:29Z,TW,shorts,2025-09-16,2025-09-16,TRUE,https://www.youtube.com/watch?v=VOP3RTPycj0,"232,766","#æ•¸å­—å°ç£,#è¬é‡‘æ²³",3434,114,51
1,SNr9z_BNyNM,Gabby Gelembung Sabun #funny #fyp #viral #shorts,VOSSTONN,2025-09-13T15:35:59Z,US,videos,2025-09-16,2025-09-16,TRUE,https://www.youtube.com/watch?v=SNr9z_BNyNM,"51,239,548","#funny,#fyp,#viral,#shorts",150602,42,6
2,tO8bhPHAWN0,The last moments of the greatest lion in history #viral #shorts #youtube #video,Animal sound edit,2025-09-12T12:49:14Z,US,videos,2025-09-16,2025-09-16,TRUE,https://www.youtube.com/watch?v=tO8bhPHAWN0,"34,236,159","#viral,#shorts,#youtube,#video",721394,4428,21
3,0Qe1XMBHejU,Wait for last #shorts #viralshorts #trending #thimingalam #whatsappstatus,Thimingalam ,2025-09-13T12:30:02Z,US,videos,2025-09-16,2025-09-16,TRUE,https://www.youtube.com/watch?v=0Qe1XMBHejU,"27,414,878","#shorts,#viralshorts,#trending,#thimingalam,#whatsappstatus",168356,18,26
4,IO6UPFJAqcA,"""7 in 1 best gujiya folding trick unlocked.""ğŸ¤¯ğŸ˜‰ğŸ¤ª #relatable #trending #shorts",Radhika Maroo,2025-09-12T08:31:00Z,US,videos,2025-09-16,2025-09-16,TRUE,https://www.youtube.com/watch?v=IO6UPFJAqcA,"11,747,360","#relatable,#trending,#shorts,#radhikamaroo",157562,668,22
5,KH9Cajuvlqg,Papa ne udas kar Diya â¤ï¸ğŸ™ #shorts #thebnbrothers #love #viral,The BN Brothers,2025-09-12T13:05:00Z,US,videos,2025-09-16,2025-09-16,TRUE,https://www.youtube.com/watch?v=KH9Cajuvlqg,"11,468,833","#shorts,#thebnbrothers,#love,#viral",0,0,20
6,oylkAv_OXEE,Jai Jai Shri Radhe Krishna ji...ğŸ¤£ğŸ¤£ğŸ¤£ğŸ¤£#youtubeshorts #trending #funny #comedy #keshav soni family,Keshav Soni Family,2025-09-12T05:41:08Z,US,videos,2025-09-16,2025-09-16,TRUE,https://www.youtube.com/watch?v=oylkAv_OXEE,"10,123,023","#youtubeshorts,#trending,#funny,#comedy,#keshav",12861,71,4
7,pdQnHX_FGHo,Tum Meri Photo Kyon Khinch Rahe Ho ğŸ¤‘ğŸ˜¡ğŸ˜° #viral #movie #short,Gungun Shorts,2025-09-13T05:54:32Z,US,videos,2025-09-16,2025-09-16,TRUE,https://www.youtube.com/watch?v=pdQnHX_FGHo,"9,489,885","#viral,#movie,#short",0,35,34
8,dgtVaLAwsn4,Rajat Dalal talking about Carryminati ğŸ‘€ğŸ”¥||#ytshorts #rajatdalal #carryminati #trending,AJC podcast1,2025-09-13T09:44:13Z,US,videos,2025-09-16,2025-09-16,TRUE,https://www.youtube.com/watch?v=dgtVaLAwsn4,"9,328,646","#ytshorts,#rajatdalal,#carryminati,#trending,#salmankhan,#salman,#carryislive,#rajat,#youtubeshorts,#shortvideo,#shorts,#short,#shortsfeed",0,994,61
9,gzpm9u_QZZU,Olampik Me Gold Medal Jeetna HaiğŸ”¥ğŸ’¯ #trending #bollywood #shorts #viralmovie #Chanducampion #olampic,Bollwala Editz,2025-09-13T05:33:35Z,US,videos,2025-09-16,2025-09-16,TRUE,https://www.youtube.com/watch?v=gzpm9u_QZZU,"8,489,049","#trending,#bollywood,#shorts,#viralmovie,#chanducampion,#olampic,#trendings,#viral,#viralclips",200290,116,103
10,S-3p4JJmfzk,Allah ki madad #trending #yt_shorts #india #shortvideos #viral #shortsfeed,Leader In Islam ,2025-09-14T04:54:18Z,US,videos,2025-09-16,2025-09-16,TRUE,https://www.youtube.com/watch?v=S-3p4JJmfzk,"8,082,305","#trending,#yt_shorts,#india,#shortvideos,#viral,#shortsfeed",75153,23,20
11,6_0UOSZi3tY,"Shocking! Just cheese bait, mice drop into basket!? #cat #catandmouse #trending",Pet It Now,2025-09-13T06:30:02Z,US,videos,2025-09-16,2025-09-16,TRUE,https://www.youtube.com/watch?v=6_0UOSZi3tY,"7,912,462","#cat,#catandmouse,#trending",27432,225,6
12,VQyNXemX6R4,Choti ne bacha liya bahen ko jaanğŸ”¥ #comedy #funny #entertainment #trending #virelshorts #anayavideo,K7 the fun,2025-09-12T00:40:00Z,US,videos,2025-09-16,2025-09-16,TRUE,https://www.youtube.com/watch?v=VQyNXemX6R4,"7,615,178","#comedy,#funny,#entertainment,#trending,#virelshorts,#anayavideo",40830,7,21
13,jQKzHV3HKJE,Viral State Officer Pushed Army Colonel ğŸ™ğŸ»ğŸ”¥#indianarmy #shorts #armylife #viral #specialforces,Defence Duty ,2025-09-12T13:21:42Z,US,videos,2025-09-16,2025-09-16,TRUE,https://www.youtube.com/watch?v=jQKzHV3HKJE,"6,954,150",,175832,1433,27
14,qxGm14KEKYs,price 149sale shop sale market #shortvideo #video #trending #ytshorts #tiktokdâ€Œ,karan,2025-09-12T01:02:48Z,US,videos,2025-09-16,2025-09-16,TRUE,https://www.youtube.com/watch?v=qxGm14KEKYs,"6,894,612","#shortvideo,#video,#trending,#ytshorts,#tiktokd",12852,8,9
15,wWxFQtQ6cZw,à¤šà¤¿à¤‚à¤Ÿà¥‚ à¤¨à¥‡ à¤ªà¤¾à¤ªà¤¾ à¤•à¤¾ à¤•à¥‹à¤²à¥à¤¡à¤¡à¥à¤°à¤¿à¤‚à¤• à¤šà¥à¤°à¤¾à¤¯à¤¾ ğŸ¥µ | #viral #facts #shortvideo #ai,SHORTCUT RIXX,2025-09-12T13:12:44Z,US,videos,2025-09-16,2025-09-16,TRUE,https://www.youtube.com/watch?v=wWxFQtQ6cZw,"6,338,547","#viral,#facts,#shortvideo,#ai",23605,1,8
16,AseNjUXFTmI,danger movement ğŸ¤£ #cat #meme #dance #trending,Real Haru,2025-09-12T08:30:08Z,US,videos,2025-09-16,2025-09-16,TRUE,https://www.youtube.com/watch?v=AseNjUXFTmI,"6,274,966",,27379,12,6
17,CDRAK9ucoC8,Dulhan ny Apny dulhy ko khabardar kar dia #shorts #viralvideo #trending #love #shortvideo #foryou,PullsUp,2025-09-13T15:56:37Z,US,videos,2025-09-16,2025-09-16,TRUE,https://www.youtube.com/watch?v=CDRAK9ucoC8,"6,082,780","#shorts,#viralvideo,#trending,#love,#shortvideo,#foryou",17912,68,6
18,RkazQEHfTaY,A Dance Teacher's Competitive Fire ğŸ”¥#funny #dance #fyp #trending #foryou #cute,ywddxwls,2025-09-13T02:25:05Z,US,videos,2025-09-16,2025-09-16,TRUE,https://www.youtube.com/watch?v=RkazQEHfTaY,"5,844,876","#funny,#dance,#fyp,#trending,#foryou,#cute",40480,52,21
19,0h6hBFUf2rQ,à¤²à¤—à¤¾ à¤¦à¥‡ à¤†à¤— à¤ªà¤¾à¤¨à¥€ à¤®à¥‡à¤‚ à¤œà¤µà¤¾à¤¨à¥€ à¤‰à¤¸à¥‡ à¤•à¤¹à¤¤à¥‡ à¤¹à¥ˆà¤‚ #indian_idol #trending #viral #funny #youtube #shorts,Pujan Kumar Official ,2025-09-13T07:05:35Z,US,videos,2025-09-16,2025-09-16,TRUE,https://www.youtube.com/watch?v=0h6hBFUf2rQ,"5,735,878","#indian_idol,#trending,#viral,#funny,#youtube,#shorts",31832,12,19
20,BAUTCSRPcNc,Papa got me a new bike ğŸï¸ ğŸ˜‚ || Harsh patel || #shorts #viral #trending #comedy #harshpatel,Harsh ,2025-09-12T06:31:00Z,US,videos,2025-09-16,2025-09-16,TRUE,https://www.youtube.com/watch?v=BAUTCSRPcNc,"5,734,502","#shorts,#viral,#trending,#comedy,#harshpatel",56816,66,60
1,SNr9z_BNyNM,Gabby Gelembung Sabun #funny #fyp #viral #shorts,VOSSTONN,2025-09-13T15:35:59Z,US,shorts,2025-09-16,2025-09-16,TRUE,https://www.youtube.com/watch?v=SNr9z_BNyNM,"51,239,548","#funny,#fyp,#viral,#shorts",150608,42,6
2,tO8bhPHAWN0,The last moments of the greatest lion in history #viral #shorts #youtube #video,Animal sound edit,2025-09-12T12:49:14Z,US,shorts,2025-09-16,2025-09-16,TRUE,https://www.youtube.com/watch?v=tO8bhPHAWN0,"34,238,067","#viral,#shorts,#youtube,#video",721438,4428,21
3,0Qe1XMBHejU,Wait for last #shorts #viralshorts #trending #thimingalam #whatsappstatus,Thimingalam ,2025-09-13T12:30:02Z,US,shorts,2025-09-16,2025-09-16,TRUE,https://www.youtube.com/watch?v=0Qe1XMBHejU,"27,414,878","#shorts,#viralshorts,#trending,#thimingalam,#whatsappstatus",168363,18,26
4,IO6UPFJAqcA,"""7 in 1 best gujiya folding trick unlocked.""ğŸ¤¯ğŸ˜‰ğŸ¤ª #relatable #trending #shorts",Radhika Maroo,2025-09-12T08:31:00Z,US,shorts,2025-09-16,2025-09-16,TRUE,https://www.youtube.com/watch?v=IO6UPFJAqcA,"11,747,360","#relatable,#trending,#shorts,#radhikamaroo",157569,668,22
5,KH9Cajuvlqg,Papa ne udas kar Diya â¤ï¸ğŸ™ #shorts #thebnbrothers #love #viral,The BN Brothers,2025-09-12T13:05:00Z,US,shorts,2025-09-16,2025-09-16,TRUE,https://www.youtube.com/watch?v=KH9Cajuvlqg,"11,468,833","#shorts,#thebnbrothers,#love,#viral",0,0,20
6,oylkAv_OXEE,Jai Jai Shri Radhe Krishna ji...ğŸ¤£ğŸ¤£ğŸ¤£ğŸ¤£#youtubeshorts #trending #funny #comedy #keshav soni family,Keshav Soni Family,2025-09-12T05:41:08Z,US,shorts,2025-09-16,2025-09-16,TRUE,https://www.youtube.com/watch?v=oylkAv_OXEE,"10,123,023","#youtubeshorts,#trending,#funny,#comedy,#keshav",12862,71,4
7,pdQnHX_FGHo,Tum Meri Photo Kyon Khinch Rahe Ho ğŸ¤‘ğŸ˜¡ğŸ˜° #viral #movie #short,Gungun Shorts,2025-09-13T05:54:32Z,US,shorts,2025-09-16,2025-09-16,TRUE,https://www.youtube.com/watch?v=pdQnHX_FGHo,"9,489,885","#viral,#movie,#short",0,35,34
8,S-3p4JJmfzk,Allah ki madad #trending #yt_shorts #india #shortvideos #viral #shortsfeed,Leader In Islam ,2025-09-14T04:54:18Z,US,shorts,2025-09-16,2025-09-16,TRUE,https://www.youtube.com/watch?v=S-3p4JJmfzk,"8,082,305","#trending,#yt_shorts,#india,#shortvideos,#viral,#shortsfeed",75169,23,20
9,6_0UOSZi3tY,"Shocking! Just cheese bait, mice drop into basket!? #cat #catandmouse #trending",Pet It Now,2025-09-13T06:30:02Z,US,shorts,2025-09-16,2025-09-16,TRUE,https://www.youtube.com/watch?v=6_0UOSZi3tY,"7,912,462","#cat,#catandmouse,#trending",27433,225,6
10,VQyNXemX6R4,Choti ne bacha liya bahen ko jaanğŸ”¥ #comedy #funny #entertainment #trending #virelshorts #anayavideo,K7 the fun,2025-09-12T00:40:00Z,US,shorts,2025-09-16,2025-09-16,TRUE,https://www.youtube.com/watch?v=VQyNXemX6R4,"7,615,178","#comedy,#funny,#entertainment,#trending,#virelshorts,#anayavideo",40830,7,21
11,jQKzHV3HKJE,Viral State Officer Pushed Army Colonel ğŸ™ğŸ»ğŸ”¥#indianarmy #shorts #armylife #viral #specialforces,Defence Duty ,2025-09-12T13:21:42Z,US,shorts,2025-09-16,2025-09-16,TRUE,https://www.youtube.com/watch?v=jQKzHV3HKJE,"6,954,150",,175848,1433,27
12,qxGm14KEKYs,price 149sale shop sale market #shortvideo #video #trending #ytshorts #tiktokdâ€Œ,karan,2025-09-12T01:02:48Z,US,shorts,2025-09-16,2025-09-16,TRUE,https://www.youtube.com/watch?v=qxGm14KEKYs,"6,895,583","#shortvideo,#video,#trending,#ytshorts,#tiktokd",12852,8,9
13,wWxFQtQ6cZw,à¤šà¤¿à¤‚à¤Ÿà¥‚ à¤¨à¥‡ à¤ªà¤¾à¤ªà¤¾ à¤•à¤¾ à¤•à¥‹à¤²à¥à¤¡à¤¡à¥à¤°à¤¿à¤‚à¤• à¤šà¥à¤°à¤¾à¤¯à¤¾ ğŸ¥µ | #viral #facts #shortvideo #ai,SHORTCUT RIXX,2025-09-12T13:12:44Z,US,shorts,2025-09-16,2025-09-16,TRUE,https://www.youtube.com/watch?v=wWxFQtQ6cZw,"6,338,547","#viral,#facts,#shortvideo,#ai",23605,1,8
14,AseNjUXFTmI,danger movement ğŸ¤£ #cat #meme #dance #trending,Real Haru,2025-09-12T08:30:08Z,US,shorts,2025-09-16,2025-09-16,TRUE,https://www.youtube.com/watch?v=AseNjUXFTmI,"6,274,966",,27380,12,6
15,CDRAK9ucoC8,Dulhan ny Apny dulhy ko khabardar kar dia #shorts #viralvideo #trending #love #shortvideo #foryou,PullsUp,2025-09-13T15:56:37Z,US,shorts,2025-09-16,2025-09-16,TRUE,https://www.youtube.com/watch?v=CDRAK9ucoC8,"6,082,780","#shorts,#viralvideo,#trending,#love,#shortvideo,#foryou",17914,68,6
16,RkazQEHfTaY,A Dance Teacher's Competitive Fire ğŸ”¥#funny #dance #fyp #trending #foryou #cute,ywddxwls,2025-09-13T02:25:05Z,US,shorts,2025-09-16,2025-09-16,TRUE,https://www.youtube.com/watch?v=RkazQEHfTaY,"5,844,876","#funny,#dance,#fyp,#trending,#foryou,#cute",40480,52,21
17,0h6hBFUf2rQ,à¤²à¤—à¤¾ à¤¦à¥‡ à¤†à¤— à¤ªà¤¾à¤¨à¥€ à¤®à¥‡à¤‚ à¤œà¤µà¤¾à¤¨à¥€ à¤‰à¤¸à¥‡ à¤•à¤¹à¤¤à¥‡ à¤¹à¥ˆà¤‚ #indian_idol #trending #viral #funny #youtube #shorts,Pujan Kumar Official ,2025-09-13T07:05:35Z,US,shorts,2025-09-16,2025-09-16,TRUE,https://www.youtube.com/watch?v=0h6hBFUf2rQ,"5,735,878","#indian_idol,#trending,#viral,#funny,#youtube,#shorts",31837,12,19
18,BAUTCSRPcNc,Papa got me a new bike ğŸï¸ ğŸ˜‚ || Harsh patel || #shorts #viral #trending #comedy #harshpatel,Harsh ,2025-09-12T06:31:00Z,US,shorts,2025-09-16,2025-09-16,TRUE,https://www.youtube.com/watch?v=BAUTCSRPcNc,"5,734,536","#shorts,#viral,#trending,#comedy,#harshpatel",56817,66,60
19,HuSao_H9mLA,MENTE MÃ (Remix) - Nakama | Dance Trend Viral Tiktok Dance,Nikoork_æŠ–éŸ³,2025-09-14T11:46:00Z,US,shorts,2025-09-16,2025-09-16,TRUE,https://www.youtube.com/watch?v=HuSao_H9mLA,"5,437,081","#dance,#trend,#viral,#tiktok,#mentema,#remix,#foryou,#zhanghao,#zerobaseone",75778,1431,12
20,laWfjFPECXE,#palligramtv #trending #comedy #ytshorts,Dobir Vlogs,2025-09-12T02:00:45Z,US,shorts,2025-09-16,2025-09-16,TRUE,https://www.youtube.com/watch?v=laWfjFPECXE,"5,239,361","#palligramtv,#trending,#comedy,#ytshorts",29069,30,20
1,Xmm3Kr5P1Uw,India TV LIVE: Aaj Ki Baat |  Nepal Protest Updates | PM Modi | France Protest | AAP | Sanjay Singh,IndiaTV,2025-09-11T19:35:14Z,IN,videos,2025-09-16,2025-09-16,TRUE,https://www.youtube.com/watch?v=Xmm3Kr5P1Uw,"1,119,066,725","#nepalnewpm,#pmmodivaranasivisit,#nepalprotestupdate,#charliekirk,#justicesushilakarki,#pmmodi,#biharelection2025,#weather,#emmanuelmacron,#nepalprotest,#genzprotest,#asiacup2025,#breakingnews,#indiatv",1132854,238,1426
2,0Qe1XMBHejU,Wait for last #shorts #viralshorts #trending #thimingalam #whatsappstatus,Thimingalam ,2025-09-13T12:30:02Z,IN,videos,2025-09-16,2025-09-16,TRUE,https://www.youtube.com/watch?v=0Qe1XMBHejU,"27,414,878","#shorts,#viralshorts,#trending,#thimingalam,#whatsappstatus",168374,18,26
3,jXISHUef8c8,Nepal ğŸ‡³ğŸ‡µ Financial minister condition | Nepal news today #nepal #nepali #trending #love,Sunil Kushwah vlog,2025-09-12T11:17:58Z,IN,videos,2025-09-16,2025-09-16,TRUE,https://www.youtube.com/watch?v=jXISHUef8c8,"21,923,791","#nepal,#nepali,#trending,#love",162646,5220,12
4,AgdeHs8QyqU,Jai shree KrishnağŸ™#motivation #motivational#facts#radhakrishna#viral#shorts#video#trending#ytshorts,vansh ki dooniya,2025-09-11T17:44:48Z,IN,videos,2025-09-16,2025-09-16,TRUE,https://www.youtube.com/watch?v=AgdeHs8QyqU,"19,810,261","#motivation,#motivational,#facts,#radhakrishna,#viral,#shorts,#video,#trending,#ytshorts",72075,223,6
5,pVrHzTsdDSk,nepal protest army action mode | #nepal #india #army #armylover,Success with Bharat pareek,2025-09-11T17:02:46Z,IN,videos,2025-09-16,2025-09-16,TRUE,https://www.youtube.com/watch?v=pVrHzTsdDSk,"12,176,583","#nepal,#india,#army,#armylover",161395,963,13
6,IO6UPFJAqcA,"""7 in 1 best gujiya folding trick unlocked.""ğŸ¤¯ğŸ˜‰ğŸ¤ª #relatable #trending #shorts",Radhika Maroo,2025-09-12T08:31:00Z,IN,videos,2025-09-16,2025-09-16,TRUE,https://www.youtube.com/watch?v=IO6UPFJAqcA,"11,747,360","#relatable,#trending,#shorts,#radhikamaroo",157574,668,22
7,oylkAv_OXEE,Jai Jai Shri Radhe Krishna ji...ğŸ¤£ğŸ¤£ğŸ¤£ğŸ¤£#youtubeshorts #trending #funny #comedy #keshav soni family,Keshav Soni Family,2025-09-12T05:41:08Z,IN,videos,2025-09-16,2025-09-16,TRUE,https://www.youtube.com/watch?v=oylkAv_OXEE,"10,123,023","#youtubeshorts,#trending,#funny,#comedy,#keshav",12863,71,4
8,dgtVaLAwsn4,Rajat Dalal talking about Carryminati ğŸ‘€ğŸ”¥||#ytshorts #rajatdalal #carryminati #trending,AJC podcast1,2025-09-13T09:44:13Z,IN,videos,2025-09-16,2025-09-16,TRUE,https://www.youtube.com/watch?v=dgtVaLAwsn4,"9,328,646","#ytshorts,#rajatdalal,#carryminati,#trending,#salmankhan,#salman,#carryislive,#rajat,#youtubeshorts,#shortvideo,#shorts,#short,#shortsfeed",0,995,61
9,uLNtgS0IG8Q,#funny#trending #foryou,Bong girl Priyanka 420,2025-09-13T06:00:45Z,IN,videos,2025-09-16,2025-09-16,TRUE,https://www.youtube.com/watch?v=uLNtgS0IG8Q,"8,917,287","#funny,#trending,#foryou",0,0,10
10,Z_r4NSOEz5s,à¤­à¤—à¤µà¤¾à¤¨ à¤¸à¤¬à¤•à¤¾ à¤­à¤²à¤¾ à¤•à¤°à¥‹ ğŸ˜­ğŸ™ğŸ»#humanity #respect #helping #trending #viralvideo #youtubeshorts,help_by_godğŸ«‚,2025-09-12T04:15:02Z,IN,videos,2025-09-16,2025-09-16,TRUE,https://www.youtube.com/watch?v=Z_r4NSOEz5s,"8,298,846","#humanity,#respect,#helping,#trending,#viralvideo,#youtubeshorts",121474,459,52
11,S-3p4JJmfzk,Allah ki madad #trending #yt_shorts #india #shortvideos #viral #shortsfeed,Leader In Islam ,2025-09-14T04:54:18Z,IN,videos,2025-09-16,2025-09-16,TRUE,https://www.youtube.com/watch?v=S-3p4JJmfzk,"8,082,305","#trending,#yt_shorts,#india,#shortvideos,#viral,#shortsfeed",75182,23,20
12,6_0UOSZi3tY,"Shocking! Just cheese bait, mice drop into basket!? #cat #catandmouse #trending",Pet It Now,2025-09-13T06:30:02Z,IN,videos,2025-09-16,2025-09-16,TRUE,https://www.youtube.com/watch?v=6_0UOSZi3tY,"7,912,462","#cat,#catandmouse,#trending",27433,225,6
13,VQyNXemX6R4,Choti ne bacha liya bahen ko jaanğŸ”¥ #comedy #funny #entertainment #trending #virelshorts #anayavideo,K7 the fun,2025-09-12T00:40:00Z,IN,videos,2025-09-16,2025-09-16,TRUE,https://www.youtube.com/watch?v=VQyNXemX6R4,"7,615,178","#comedy,#funny,#entertainment,#trending,#virelshorts,#anayavideo",40830,7,21
14,qxGm14KEKYs,price 149sale shop sale market #shortvideo #video #trending #ytshorts #tiktokdâ€Œ,karan,2025-09-12T01:02:48Z,IN,videos,2025-09-16,2025-09-16,TRUE,https://www.youtube.com/watch?v=qxGm14KEKYs,"6,895,583","#shortvideo,#video,#trending,#ytshorts,#tiktokd",12852,8,9
15,gJpoFk6HXug,"Butta Bomma Hindi Dubbed Full Movie 2025 | Anikha Surendran Arjun Das, Surya Vashistta | South Movie",Aditya Movies,2025-09-12T13:30:07Z,IN,videos,2025-09-16,2025-09-16,TRUE,https://www.youtube.com/watch?v=gJpoFk6HXug,"6,730,925","#anikhasurendran,#arjundas,#suryavashistta,#gopisundar,#hindidubbedmovie,#southmovie,#southindianmovie,#hindimovie,#hindifilm,#southfilm,#adityamovies",193170,4979,6346
16,qsI3HKVvT-4,WOW ğŸ˜² Cool Opening Ceremony Performance circus show #performance #reels #india,RDX KHAN,2025-09-11T15:45:10Z,IN,videos,2025-09-16,2025-09-16,TRUE,https://www.youtube.com/watch?v=qsI3HKVvT-4,"6,484,509","#performance,#reels,#india",37237,64,13
17,3BUkUxS-dGo,birth blog #baby #cutebaby #newbornbaby #ytshorts #cute #trending #birthvlog #twins,Drkaran [MBBS],2025-09-13T15:15:00Z,IN,videos,2025-09-16,2025-09-16,TRUE,https://www.youtube.com/watch?v=3BUkUxS-dGo,"6,346,910","#shorts,#ytshorts,#trending,#mbbs,#birthvlog,#laboranddelivery,#newborn",6984,6,4
18,CDRAK9ucoC8,Dulhan ny Apny dulhy ko khabardar kar dia #shorts #viralvideo #trending #love #shortvideo #foryou,PullsUp,2025-09-13T15:56:37Z,IN,videos,2025-09-16,2025-09-16,TRUE,https://www.youtube.com/watch?v=CDRAK9ucoC8,"6,082,780","#shorts,#viralvideo,#trending,#love,#shortvideo,#foryou",17914,68,6
19,JdfH9ZbLQTY,Please à¤—à¤£à¤ªà¤¤à¤¿ à¤¬à¤ªà¥à¤ªà¤¾ à¤•à¤¾ à¤‡à¤¤à¤¨à¤¾ à¤…à¤ªà¤®à¤¾à¤¨ à¤®à¤¤ à¤•à¤°à¥‹ğŸ˜­ #shorts #shortsfeed #ganeshchaturthi,One Minute Facts ,2025-09-13T01:00:23Z,IN,videos,2025-09-16,2025-09-16,TRUE,https://www.youtube.com/watch?v=JdfH9ZbLQTY,"5,845,594","#shorts,#shortsfeed,#ganeshchaturthi,#ganeshchaturthi2025,#ganeshvisarjan,#ganeshvisarjan2025,#ganpativisarjan,#ganpativisarjan2025,#viral,#trending",48842,120,15
20,RkazQEHfTaY,A Dance Teacher's Competitive Fire ğŸ”¥#funny #dance #fyp #trending #foryou #cute,ywddxwls,2025-09-13T02:25:05Z,IN,videos,2025-09-16,2025-09-16,TRUE,https://www.youtube.com/watch?v=RkazQEHfTaY,"5,844,876","#funny,#dance,#fyp,#trending,#foryou,#cute",40481,52,21
1,0Qe1XMBHejU,Wait for last #shorts #viralshorts #trending #thimingalam #whatsappstatus,Thimingalam ,2025-09-13T12:30:02Z,IN,shorts,2025-09-16,2025-09-16,TRUE,https://www.youtube.com/watch?v=0Qe1XMBHejU,"27,414,878","#shorts,#viralshorts,#trending,#thimingalam,#whatsappstatus",168384,18,26
2,jXISHUef8c8,Nepal ğŸ‡³ğŸ‡µ Financial minister condition | Nepal news today #nepal #nepali #trending #love,Sunil Kushwah vlog,2025-09-12T11:17:58Z,IN,shorts,2025-09-16,2025-09-16,TRUE,https://www.youtube.com/watch?v=jXISHUef8c8,"21,923,791","#nepal,#nepali,#trending,#love",162647,5220,12
3,AgdeHs8QyqU,Jai shree KrishnağŸ™#motivation #motivational#facts#radhakrishna#viral#shorts#video#trending#ytshorts,vansh ki dooniya,2025-09-11T17:44:48Z,IN,shorts,2025-09-16,2025-09-16,TRUE,https://www.youtube.com/watch?v=AgdeHs8QyqU,"19,810,261","#motivation,#motivational,#facts,#radhakrishna,#viral,#shorts,#video,#trending,#ytshorts",72076,223,6
4,pVrHzTsdDSk,nepal protest army action mode | #nepal #india #army #armylover,Success with Bharat pareek,2025-09-11T17:02:46Z,IN,shorts,2025-09-16,2025-09-16,TRUE,https://www.youtube.com/watch?v=pVrHzTsdDSk,"12,176,583","#nepal,#india,#army,#armylover",161397,963,13
5,IO6UPFJAqcA,"""7 in 1 best gujiya folding trick unlocked.""ğŸ¤¯ğŸ˜‰ğŸ¤ª #relatable #trending #shorts",Radhika Maroo,2025-09-12T08:31:00Z,IN,shorts,2025-09-16,2025-09-16,TRUE,https://www.youtube.com/watch?v=IO6UPFJAqcA,"11,747,360","#relatable,#trending,#shorts,#radhikamaroo",157576,668,22
6,oylkAv_OXEE,Jai Jai Shri Radhe Krishna ji...ğŸ¤£ğŸ¤£ğŸ¤£ğŸ¤£#youtubeshorts #trending #funny #comedy #keshav soni family,Keshav Soni Family,2025-09-12T05:41:08Z,IN,shorts,2025-09-16,2025-09-16,TRUE,https://www.youtube.com/watch?v=oylkAv_OXEE,"10,124,119","#youtubeshorts,#trending,#funny,#comedy,#keshav",12863,71,4
7,uLNtgS0IG8Q,#funny#trending #foryou,Bong girl Priyanka 420,2025-09-13T06:00:45Z,IN,shorts,2025-09-16,2025-09-16,TRUE,https://www.youtube.com/watch?v=uLNtgS0IG8Q,"8,917,287","#funny,#trending,#foryou",0,0,10
8,Z_r4NSOEz5s,à¤­à¤—à¤µà¤¾à¤¨ à¤¸à¤¬à¤•à¤¾ à¤­à¤²à¤¾ à¤•à¤°à¥‹ ğŸ˜­ğŸ™ğŸ»#humanity #respect #helping #trending #viralvideo #youtubeshorts,help_by_godğŸ«‚,2025-09-12T04:15:02Z,IN,shorts,2025-09-16,2025-09-16,TRUE,https://www.youtube.com/watch?v=Z_r4NSOEz5s,"8,298,846","#humanity,#respect,#helping,#trending,#viralvideo,#youtubeshorts",121474,459,52
9,S-3p4JJmfzk,Allah ki madad #trending #yt_shorts #india #shortvideos #viral #shortsfeed,Leader In Islam ,2025-09-14T04:54:18Z,IN,shorts,2025-09-16,2025-09-16,TRUE,https://www.youtube.com/watch?v=S-3p4JJmfzk,"8,084,460","#trending,#yt_shorts,#india,#shortvideos,#viral,#shortsfeed",75200,23,20
10,6_0UOSZi3tY,"Shocking! Just cheese bait, mice drop into basket!? #cat #catandmouse #trending",Pet It Now,2025-09-13T06:30:02Z,IN,shorts,2025-09-16,2025-09-16,TRUE,https://www.youtube.com/watch?v=6_0UOSZi3tY,"7,912,462","#cat,#catandmouse,#trending",27434,225,6
11,VQyNXemX6R4,Choti ne bacha liya bahen ko jaanğŸ”¥ #comedy #funny #entertainment #trending #virelshorts #anayavideo,K7 the fun,2025-09-12T00:40:00Z,IN,shorts,2025-09-16,2025-09-16,TRUE,https://www.youtube.com/watch?v=VQyNXemX6R4,"7,615,178","#comedy,#funny,#entertainment,#trending,#virelshorts,#anayavideo",40830,7,21
12,qxGm14KEKYs,price 149sale shop sale market #shortvideo #video #trending #ytshorts #tiktokdâ€Œ,karan,2025-09-12T01:02:48Z,IN,shorts,2025-09-16,2025-09-16,TRUE,https://www.youtube.com/watch?v=qxGm14KEKYs,"6,895,583","#shortvideo,#video,#trending,#ytshorts,#tiktokd",12851,8,9
13,qsI3HKVvT-4,WOW ğŸ˜² Cool Opening Ceremony Performance circus show #performance #reels #india,RDX KHAN,2025-09-11T15:45:10Z,IN,shorts,2025-09-16,2025-09-16,TRUE,https://www.youtube.com/watch?v=qsI3HKVvT-4,"6,484,719","#performance,#reels,#india",37237,64,13
14,3BUkUxS-dGo,birth blog #baby #cutebaby #newbornbaby #ytshorts #cute #trending #birthvlog #twins,Drkaran [MBBS],2025-09-13T15:15:00Z,IN,shorts,2025-09-16,2025-09-16,TRUE,https://www.youtube.com/watch?v=3BUkUxS-dGo,"6,346,910","#shorts,#ytshorts,#trending,#mbbs,#birthvlog,#laboranddelivery,#newborn",6984,6,4
15,CDRAK9ucoC8,Dulhan ny Apny dulhy ko khabardar kar dia #shorts #viralvideo #trending #love #shortvideo #foryou,PullsUp,2025-09-13T15:56:37Z,IN,shorts,2025-09-16,2025-09-16,TRUE,https://www.youtube.com/watch?v=CDRAK9ucoC8,"6,082,780","#shorts,#viralvideo,#trending,#love,#shortvideo,#foryou",17915,68,6
16,JdfH9ZbLQTY,Please à¤—à¤£à¤ªà¤¤à¤¿ à¤¬à¤ªà¥à¤ªà¤¾ à¤•à¤¾ à¤‡à¤¤à¤¨à¤¾ à¤…à¤ªà¤®à¤¾à¤¨ à¤®à¤¤ à¤•à¤°à¥‹ğŸ˜­ #shorts #shortsfeed #ganeshchaturthi,One Minute Facts ,2025-09-13T01:00:23Z,IN,shorts,2025-09-16,2025-09-16,TRUE,https://www.youtube.com/watch?v=JdfH9ZbLQTY,"5,845,594","#shorts,#shortsfeed,#ganeshchaturthi,#ganeshchaturthi2025,#ganeshvisarjan,#ganeshvisarjan2025,#ganpativisarjan,#ganpativisarjan2025,#viral,#trending",48842,120,15
17,RkazQEHfTaY,A Dance Teacher's Competitive Fire ğŸ”¥#funny #dance #fyp #trending #foryou #cute,ywddxwls,2025-09-13T02:25:05Z,IN,shorts,2025-09-16,2025-09-16,TRUE,https://www.youtube.com/watch?v=RkazQEHfTaY,"5,844,876","#funny,#dance,#fyp,#trending,#foryou,#cute",40482,52,21
18,0h6hBFUf2rQ,à¤²à¤—à¤¾ à¤¦à¥‡ à¤†à¤— à¤ªà¤¾à¤¨à¥€ à¤®à¥‡à¤‚ à¤œà¤µà¤¾à¤¨à¥€ à¤‰à¤¸à¥‡ à¤•à¤¹à¤¤à¥‡ à¤¹à¥ˆà¤‚ #indian_idol #trending #viral #funny #youtube #shorts,Pujan Kumar Official ,2025-09-13T07:05:35Z,IN,shorts,2025-09-16,2025-09-16,TRUE,https://www.youtube.com/watch?v=0h6hBFUf2rQ,"5,736,205","#indian_idol,#trending,#viral,#funny,#youtube,#shorts",31840,12,19
19,a5MPqDoZ9B8,wag-mona Yan ituloy #shorts #fyp #motorcycle #trending,Larry G Bonhoc TV,2025-09-13T08:27:28Z,IN,shorts,2025-09-16,2025-09-16,TRUE,https://www.youtube.com/watch?v=a5MPqDoZ9B8,"5,638,820","#shorts,#fyp,#motorcycle,#trending",10883,60,9
20,8HLZ5RqKLLM,à¤­à¤¾à¤°à¤¤à¥€à¤¯ à¤µà¤¾à¤¯à¥ à¤¸à¥‡à¤¨à¤¾ à¤®à¥‡à¤‚ à¤¶à¤¾à¤®à¤¿à¤² à¤¹à¥‹à¤—à¤¾ à¤—à¤°à¥à¤¡à¤¼ à¤¹à¥‡à¤²à¥€à¤•à¥‰à¤ªà¥à¤Ÿà¤° #indianairforce #military #india #army #russia,Ranbhumi Sena,2025-09-13T08:45:45Z,IN,shorts,2025-09-16,2025-09-16,TRUE,https://www.youtube.com/watch?v=8HLZ5RqKLLM,"5,305,664","#indianairforce,#military,#india,#army,#russia,#modi_news,#news,#bharat",0,2690,11
1,SNr9z_BNyNM,Gabby Gelembung Sabun #funny #fyp #viral #shorts,VOSSTONN,2025-09-13T15:35:59Z,BR,videos,2025-09-16,2025-09-16,TRUE,https://www.youtube.com/watch?v=SNr9z_BNyNM,"51,239,926","#funny,#fyp,#viral,#shorts",150629,42,6
2,tO8bhPHAWN0,The last moments of the greatest lion in history #viral #shorts #youtube #video,Animal sound edit,2025-09-12T12:49:14Z,BR,videos,2025-09-16,2025-09-16,TRUE,https://www.youtube.com/watch?v=tO8bhPHAWN0,"34,240,422","#viral,#shorts,#youtube,#video",721535,4428,21
3,FWsHhNxgBcc,How good those days wereâ€¦ğŸ˜â¤ï¸|| Gulshan kalra #shorts #friendship #funny #viral,Gulshan Kalra,2025-09-13T13:06:48Z,BR,videos,2025-09-16,2025-09-16,TRUE,https://www.youtube.com/watch?v=FWsHhNxgBcc,"17,833,722","#shorts,#friendship,#funny,#viral",188844,483,60
4,vBGH03-1gX0,"â€œYOU RENTS CYCLE, MOM RENTS YOU ğŸš²ğŸ˜­ğŸ’”â€#relatable #nostalgia #cycle #shorts #childhood #90s #viral",Akku Patil2,2025-09-13T03:30:02Z,BR,videos,2025-09-16,2025-09-16,TRUE,https://www.youtube.com/watch?v=vBGH03-1gX0,"12,130,596","#relatable,#nostalgia,#cycle,#shorts,#childhood,#90s,#viral",176232,133,60
5,KH9Cajuvlqg,Papa ne udas kar Diya â¤ï¸ğŸ™ #shorts #thebnbrothers #love #viral,The BN Brothers,2025-09-12T13:05:00Z,BR,videos,2025-09-16,2025-09-16,TRUE,https://www.youtube.com/watch?v=KH9Cajuvlqg,"11,468,833","#shorts,#thebnbrothers,#love,#viral",0,0,20
6,pdQnHX_FGHo,Tum Meri Photo Kyon Khinch Rahe Ho ğŸ¤‘ğŸ˜¡ğŸ˜° #viral #movie #short,Gungun Shorts,2025-09-13T05:54:32Z,BR,videos,2025-09-16,2025-09-16,TRUE,https://www.youtube.com/watch?v=pdQnHX_FGHo,"9,489,885","#viral,#movie,#short",0,35,34
7,y_eUSQlsTUk,Bullet ki hawabazi ğŸ˜‚#shorts #viral,Aman Sharma,2025-09-14T05:43:10Z,BR,videos,2025-09-16,2025-09-16,TRUE,https://www.youtube.com/watch?v=y_eUSQlsTUk,"9,300,434","#shorts,#viral",218598,756,90
8,S-3p4JJmfzk,Allah ki madad #trending #yt_shorts #india #shortvideos #viral #shortsfeed,Leader In Islam ,2025-09-14T04:54:18Z,BR,videos,2025-09-16,2025-09-16,TRUE,https://www.youtube.com/watch?v=S-3p4JJmfzk,"8,084,460","#trending,#yt_shorts,#india,#shortvideos,#viral,#shortsfeed",75200,23,20
9,7wMg1pGERzg,Guess what she gifted them..ğŸ˜|| @KpopDoll0_0 #asethetic #shorts #tranding #viral #bts,á¯½KPOP DOLLá¯½,2025-09-13T06:34:43Z,BR,videos,2025-09-16,2025-09-16,TRUE,https://www.youtube.com/watch?v=7wMg1pGERzg,"7,566,125","#youtubegivememyviewsbackplease,#edit,#eyeshape,#aestheticedits,#btsedits,#foryou,#fypviral,#aestheticvideo,#capcut,#shortsfeed,#recommended,#support,#ritzedits,#editzzz,#korean,#aestheic,#exam,#goviral,#blackpink,#audio,#bts,#kimtaehyung,#jungkook,#jimin,#suga,#jhope,#jin,#rm,#kpop,#edi,#fypppppppppppppppppppppppppppppppppppppppppppppppppppppppppppppppppppppp,#trending,#mochii,#kdrama,#shortsviral,#squidgame,#insta,#kdramaedit,#shortvideos,#viral,#btsarmy,#btsclothing,#btsshorts,#btsv,#btsaesthetic,#kpopdance,#kpopfandom,#btsfanart,#btsfandom,#trendingvideo,#trendingshorts,#travel,#btsviralvideos,#btsfanfiction,#btsarmygirl,#aesthetic,#aestheticstatus,#bts_official_bighit,#viralvideos,#viralmusic,#trendingvideos,#btsfangirl,#btsviralshorts,#capcutedtingtutorial,#btsbighitofficial,#aesthetictext,#btsestheticedits,#btsaestheticvideos,#mycontent,#forncountries,#aroundtgewrold,#kpopedits,#btsforeverlife,#btstillend,#kpopmusic,#relateable,#smoothedits,#ameria,#unitedkingdom,#uae,#kimnamjoon,#kimseokjin,#minyoongi,#junghoseok,#parkjimin,#jeonjungkook,#wink,#youtube",0,751,9
10,jQKzHV3HKJE,Viral State Officer Pushed Army Colonel ğŸ™ğŸ»ğŸ”¥#indianarmy #shorts #armylife #viral #specialforces,Defence Duty ,2025-09-12T13:21:42Z,BR,videos,2025-09-16,2025-09-16,TRUE,https://www.youtube.com/watch?v=jQKzHV3HKJE,"6,954,407",,175870,1433,27
11,wWxFQtQ6cZw,à¤šà¤¿à¤‚à¤Ÿà¥‚ à¤¨à¥‡ à¤ªà¤¾à¤ªà¤¾ à¤•à¤¾ à¤•à¥‹à¤²à¥à¤¡à¤¡à¥à¤°à¤¿à¤‚à¤• à¤šà¥à¤°à¤¾à¤¯à¤¾ ğŸ¥µ | #viral #facts #shortvideo #ai,SHORTCUT RIXX,2025-09-12T13:12:44Z,BR,videos,2025-09-16,2025-09-16,TRUE,https://www.youtube.com/watch?v=wWxFQtQ6cZw,"6,338,642","#viral,#facts,#shortvideo,#ai",23604,1,8
12,2aTgXM-Wleg,Grow a Garden School fr #shorts #viral,Bummkinn,2025-09-12T20:09:53Z,BR,videos,2025-09-16,2025-09-16,TRUE,https://www.youtube.com/watch?v=2aTgXM-Wleg,"6,034,787","#shorts,#viral",114393,2447,75
13,0h6hBFUf2rQ,à¤²à¤—à¤¾ à¤¦à¥‡ à¤†à¤— à¤ªà¤¾à¤¨à¥€ à¤®à¥‡à¤‚ à¤œà¤µà¤¾à¤¨à¥€ à¤‰à¤¸à¥‡ à¤•à¤¹à¤¤à¥‡ à¤¹à¥ˆà¤‚ #indian_idol #trending #viral #funny #youtube #shorts,Pujan Kumar Official ,2025-09-13T07:05:35Z,BR,videos,2025-09-16,2025-09-16,TRUE,https://www.youtube.com/watch?v=0h6hBFUf2rQ,"5,736,205","#indian_idol,#trending,#viral,#funny,#youtube,#shorts",31844,12,19
14,BAUTCSRPcNc,Papa got me a new bike ğŸï¸ ğŸ˜‚ || Harsh patel || #shorts #viral #trending #comedy #harshpatel,Harsh ,2025-09-12T06:31:00Z,BR,videos,2025-09-16,2025-09-16,TRUE,https://www.youtube.com/watch?v=BAUTCSRPcNc,"5,734,536","#shorts,#viral,#trending,#comedy,#harshpatel",56817,66,60
15,HuSao_H9mLA,MENTE MÃ (Remix) - Nakama | Dance Trend Viral Tiktok Dance,Nikoork_æŠ–éŸ³,2025-09-14T11:46:00Z,BR,videos,2025-09-16,2025-09-16,TRUE,https://www.youtube.com/watch?v=HuSao_H9mLA,"5,438,895","#dance,#trend,#viral,#tiktok,#mentema,#remix,#foryou,#zhanghao,#zerobaseone",75793,1431,12
16,xR2kES7t3gw,â¤ï¸ Love Marriage p-76 ğŸ¥° #shorts #trending #viral #chandrupriya #love,ChandruPriya love life,2025-09-12T14:40:01Z,BR,videos,2025-09-16,2025-09-16,TRUE,https://www.youtube.com/watch?v=xR2kES7t3gw,"4,962,521","#shorts,#trending,#viral,#chandrupriya,#love,#emotional,#caring,#family,#happyending,#happymoments,#helps,#reallife,#realendtwist,#tomandjerryshorts,#tomandjerry,#youtubepagepromotion,#entertainment,#success,#motivation,#understanding,#learning,#nature,#humanity",28065,20,29
17,MVyLo7WKnak,à¤¸à¤¬à¤¸à¥‡ğŸ¤¬ğŸ’€à¤œà¥à¤¯à¤¾à¤¦à¤¾ à¤¤à¤¾à¤•à¤¤ à¤®à¥‡à¤°à¥‡ à¤®à¥‡ à¤¹à¥ˆ ğŸ˜¡#mkstudioofficial #hearttouching #story #sad #Viral #shorts,Mk Studio Official,2025-09-11T14:50:36Z,BR,videos,2025-09-16,2025-09-16,TRUE,https://www.youtube.com/watch?v=MVyLo7WKnak,"4,638,000","#mkstudioofficial,#race,#emotional,#sad,#shorts,#hearttouching",42109,48,47
18,yP7DW0GOsas,JOGO COMPLETO: BOTAFOGO X VASCO | QUARTAS DE FINAL COPA DO BRASIL | ge tv,ge tv,2025-09-12T03:41:52Z,BR,videos,2025-09-16,2025-09-16,TRUE,https://www.youtube.com/watch?v=yP7DW0GOsas,"4,578,541","#botafogo,#vasco,#copadobrasil,#copadobrasilnagetv,#aovivo,#futebol,#getv",153073,107,15959
19,SzD5QsOTJ6g,Kisko Daya ki Yaad Aayi?ğŸ¤£#tmkoc #ytshorts #youtubeshorts #viral #funny #comedy #viral #garba #fun,Chhote & Aandu,2025-09-12T06:18:46Z,BR,videos,2025-09-16,2025-09-16,TRUE,https://www.youtube.com/watch?v=SzD5QsOTJ6g,"4,552,259","#tmkoc,#ytshorts,#youtubeshorts,#viral,#funny,#comedy,#garba,#fun",56369,186,18
20,3s44ZnZ5s54,à¤•à¤¾à¤‚à¤—à¥à¤°à¥‡à¤¸ à¤•à¥‡ à¤¸à¤®à¤¯..!#modi #bjp #congress #rjd #aap #shorts #trending #viral #youtubeshorts #memes,Yuwa Satyagrah,2025-09-13T03:25:12Z,BR,videos,2025-09-16,2025-09-16,TRUE,https://www.youtube.com/watch?v=3s44ZnZ5s54,"4,080,591","#modi,#bjp,#congress,#rjd,#aap,#shorts,#trending,#viral,#youtubeshorts,#memes",18265,107,6
1,SNr9z_BNyNM,Gabby Gelembung Sabun #funny #fyp #viral #shorts,VOSSTONN,2025-09-13T15:35:59Z,BR,shorts,2025-09-16,2025-09-16,TRUE,https://www.youtube.com/watch?v=SNr9z_BNyNM,"51,239,926","#funny,#fyp,#viral,#shorts",150642,42,6
2,tO8bhPHAWN0,The last moments of the greatest lion in history #viral #shorts #youtube #video,Animal sound edit,2025-09-12T12:49:14Z,BR,shorts,2025-09-16,2025-09-16,TRUE,https://www.youtube.com/watch?v=tO8bhPHAWN0,"34,240,422","#viral,#shorts,#youtube,#video",721584,4429,21
3,FWsHhNxgBcc,How good those days wereâ€¦ğŸ˜â¤ï¸|| Gulshan kalra #shorts #friendship #funny #viral,Gulshan Kalra,2025-09-13T13:06:48Z,BR,shorts,2025-09-16,2025-09-16,TRUE,https://www.youtube.com/watch?v=FWsHhNxgBcc,"17,834,158","#shorts,#friendship,#funny,#viral",188868,483,60
4,vBGH03-1gX0,"â€œYOU RENTS CYCLE, MOM RENTS YOU ğŸš²ğŸ˜­ğŸ’”â€#relatable #nostalgia #cycle #shorts #childhood #90s #viral",Akku Patil2,2025-09-13T03:30:02Z,BR,shorts,2025-09-16,2025-09-16,TRUE,https://www.youtube.com/watch?v=vBGH03-1gX0,"12,130,596","#relatable,#nostalgia,#cycle,#shorts,#childhood,#90s,#viral",176232,133,60
5,KH9Cajuvlqg,Papa ne udas kar Diya â¤ï¸ğŸ™ #shorts #thebnbrothers #love #viral,The BN Brothers,2025-09-12T13:05:00Z,BR,shorts,2025-09-16,2025-09-16,TRUE,https://www.youtube.com/watch?v=KH9Cajuvlqg,"11,468,833","#shorts,#thebnbrothers,#love,#viral",0,0,20
6,pdQnHX_FGHo,Tum Meri Photo Kyon Khinch Rahe Ho ğŸ¤‘ğŸ˜¡ğŸ˜° #viral #movie #short,Gungun Shorts,2025-09-13T05:54:32Z,BR,shorts,2025-09-16,2025-09-16,TRUE,https://www.youtube.com/watch?v=pdQnHX_FGHo,"9,489,885","#viral,#movie,#short",0,35,34
7,S-3p4JJmfzk,Allah ki madad #trending #yt_shorts #india #shortvideos #viral #shortsfeed,Leader In Islam ,2025-09-14T04:54:18Z,BR,shorts,2025-09-16,2025-09-16,TRUE,https://www.youtube.com/watch?v=S-3p4JJmfzk,"8,084,460","#trending,#yt_shorts,#india,#shortvideos,#viral,#shortsfeed",75212,23,20
8,7wMg1pGERzg,Guess what she gifted them..ğŸ˜|| @KpopDoll0_0 #asethetic #shorts #tranding #viral #bts,á¯½KPOP DOLLá¯½,2025-09-13T06:34:43Z,BR,shorts,2025-09-16,2025-09-16,TRUE,https://www.youtube.com/watch?v=7wMg1pGERzg,"7,566,125","#youtubegivememyviewsbackplease,#edit,#eyeshape,#aestheticedits,#btsedits,#foryou,#fypviral,#aestheticvideo,#capcut,#shortsfeed,#recommended,#support,#ritzedits,#editzzz,#korean,#aestheic,#exam,#goviral,#blackpink,#audio,#bts,#kimtaehyung,#jungkook,#jimin,#suga,#jhope,#jin,#rm,#kpop,#edi,#fypppppppppppppppppppppppppppppppppppppppppppppppppppppppppppppppppppppp,#trending,#mochii,#kdrama,#shortsviral,#squidgame,#insta,#kdramaedit,#shortvideos,#viral,#btsarmy,#btsclothing,#btsshorts,#btsv,#btsaesthetic,#kpopdance,#kpopfandom,#btsfanart,#btsfandom,#trendingvideo,#trendingshorts,#travel,#btsviralvideos,#btsfanfiction,#btsarmygirl,#aesthetic,#aestheticstatus,#bts_official_bighit,#viralvideos,#viralmusic,#trendingvideos,#btsfangirl,#btsviralshorts,#capcutedtingtutorial,#btsbighitofficial,#aesthetictext,#btsestheticedits,#btsaestheticvideos,#mycontent,#forncountries,#aroundtgewrold,#kpopedits,#btsforeverlife,#btstillend,#kpopmusic,#relateable,#smoothedits,#ameria,#unitedkingdom,#uae,#kimnamjoon,#kimseokjin,#minyoongi,#junghoseok,#parkjimin,#jeonjungkook,#wink,#youtube",0,751,9
9,jQKzHV3HKJE,Viral State Officer Pushed Army Colonel ğŸ™ğŸ»ğŸ”¥#indianarmy #shorts #armylife #viral #specialforces,Defence Duty ,2025-09-12T13:21:42Z,BR,shorts,2025-09-16,2025-09-16,TRUE,https://www.youtube.com/watch?v=jQKzHV3HKJE,"6,954,407",,175881,1433,27
10,wWxFQtQ6cZw,à¤šà¤¿à¤‚à¤Ÿà¥‚ à¤¨à¥‡ à¤ªà¤¾à¤ªà¤¾ à¤•à¤¾ à¤•à¥‹à¤²à¥à¤¡à¤¡à¥à¤°à¤¿à¤‚à¤• à¤šà¥à¤°à¤¾à¤¯à¤¾ ğŸ¥µ | #viral #facts #shortvideo #ai,SHORTCUT RIXX,2025-09-12T13:12:44Z,BR,shorts,2025-09-16,2025-09-16,TRUE,https://www.youtube.com/watch?v=wWxFQtQ6cZw,"6,338,642","#viral,#facts,#shortvideo,#ai",23604,1,8
11,0h6hBFUf2rQ,à¤²à¤—à¤¾ à¤¦à¥‡ à¤†à¤— à¤ªà¤¾à¤¨à¥€ à¤®à¥‡à¤‚ à¤œà¤µà¤¾à¤¨à¥€ à¤‰à¤¸à¥‡ à¤•à¤¹à¤¤à¥‡ à¤¹à¥ˆà¤‚ #indian_idol #trending #viral #funny #youtube #shorts,Pujan Kumar Official ,2025-09-13T07:05:35Z,BR,shorts,2025-09-16,2025-09-16,TRUE,https://www.youtube.com/watch?v=0h6hBFUf2rQ,"5,736,205","#indian_idol,#trending,#viral,#funny,#youtube,#shorts",31848,12,19
12,BAUTCSRPcNc,Papa got me a new bike ğŸï¸ ğŸ˜‚ || Harsh patel || #shorts #viral #trending #comedy #harshpatel,Harsh ,2025-09-12T06:31:00Z,BR,shorts,2025-09-16,2025-09-16,TRUE,https://www.youtube.com/watch?v=BAUTCSRPcNc,"5,734,536","#shorts,#viral,#trending,#comedy,#harshpatel",56816,66,60
13,HuSao_H9mLA,MENTE MÃ (Remix) - Nakama | Dance Trend Viral Tiktok Dance,Nikoork_æŠ–éŸ³,2025-09-14T11:46:00Z,BR,shorts,2025-09-16,2025-09-16,TRUE,https://www.youtube.com/watch?v=HuSao_H9mLA,"5,438,923","#dance,#trend,#viral,#tiktok,#mentema,#remix,#foryou,#zhanghao,#zerobaseone",75793,1431,12
14,xR2kES7t3gw,â¤ï¸ Love Marriage p-76 ğŸ¥° #shorts #trending #viral #chandrupriya #love,ChandruPriya love life,2025-09-12T14:40:01Z,BR,shorts,2025-09-16,2025-09-16,TRUE,https://www.youtube.com/watch?v=xR2kES7t3gw,"4,962,672","#shorts,#trending,#viral,#chandrupriya,#love,#emotional,#caring,#family,#happyending,#happymoments,#helps,#reallife,#realendtwist,#tomandjerryshorts,#tomandjerry,#youtubepagepromotion,#entertainment,#success,#motivation,#understanding,#learning,#nature,#humanity",28067,20,29
15,MVyLo7WKnak,à¤¸à¤¬à¤¸à¥‡ğŸ¤¬ğŸ’€à¤œà¥à¤¯à¤¾à¤¦à¤¾ à¤¤à¤¾à¤•à¤¤ à¤®à¥‡à¤°à¥‡ à¤®à¥‡ à¤¹à¥ˆ ğŸ˜¡#mkstudioofficial #hearttouching #story #sad #Viral #shorts,Mk Studio Official,2025-09-11T14:50:36Z,BR,shorts,2025-09-16,2025-09-16,TRUE,https://www.youtube.com/watch?v=MVyLo7WKnak,"4,638,000","#mkstudioofficial,#race,#emotional,#sad,#shorts,#hearttouching",42109,48,47
16,SzD5QsOTJ6g,Kisko Daya ki Yaad Aayi?ğŸ¤£#tmkoc #ytshorts #youtubeshorts #viral #funny #comedy #viral #garba #fun,Chhote & Aandu,2025-09-12T06:18:46Z,BR,shorts,2025-09-16,2025-09-16,TRUE,https://www.youtube.com/watch?v=SzD5QsOTJ6g,"4,552,556","#tmkoc,#ytshorts,#youtubeshorts,#viral,#funny,#comedy,#garba,#fun",56370,186,18
17,3s44ZnZ5s54,à¤•à¤¾à¤‚à¤—à¥à¤°à¥‡à¤¸ à¤•à¥‡ à¤¸à¤®à¤¯..!#modi #bjp #congress #rjd #aap #shorts #trending #viral #youtubeshorts #memes,Yuwa Satyagrah,2025-09-13T03:25:12Z,BR,shorts,2025-09-16,2025-09-16,TRUE,https://www.youtube.com/watch?v=3s44ZnZ5s54,"4,081,958","#modi,#bjp,#congress,#rjd,#aap,#shorts,#trending,#viral,#youtubeshorts,#memes",18265,107,6
18,l9jubUk5ois,viral #viral #trending #freebusservice #funny #100million,R K Life ,2025-09-13T11:01:26Z,BR,shorts,2025-09-16,2025-09-16,TRUE,https://www.youtube.com/watch?v=l9jubUk5ois,"4,020,727","#viral,#trending,#freebusservice,#funny,#100million",0,0,9
19,lrEzrdgKh5k,"Minecraft: The villager was bad, I saved my iron golam ğŸ˜± #trending #minecraft #shorts",ATK gamerz ,2025-09-12T10:59:13Z,BR,shorts,2025-09-16,2025-09-16,TRUE,https://www.youtube.com/watch?v=lrEzrdgKh5k,"3,894,006","#minecraft,#youtubeshorts,#shortvideo,#viral",51056,115,59
20,IAB86inNEg4,#foryou #fyp #viral #shorts,Anabella Abate,2025-09-12T08:37:38Z,BR,shorts,2025-09-16,2025-09-16,TRUE,https://www.youtube.com/watch?v=IAB86inNEg4,"3,858,665",,29476,60,35
1,0Qe1XMBHejU,Wait for last #shorts #viralshorts #trending #thimingalam #whatsappstatus,Thimingalam ,2025-09-13T12:30:02Z,ID,videos,2025-09-16,2025-09-16,TRUE,https://www.youtube.com/watch?v=0Qe1XMBHejU,"27,416,792","#shorts,#viralshorts,#trending,#thimingalam,#whatsappstatus",168419,18,26
2,IO6UPFJAqcA,"""7 in 1 best gujiya folding trick unlocked.""ğŸ¤¯ğŸ˜‰ğŸ¤ª #relatable #trending #shorts",Radhika Maroo,2025-09-12T08:31:00Z,ID,videos,2025-09-16,2025-09-16,TRUE,https://www.youtube.com/watch?v=IO6UPFJAqcA,"11,747,660","#relatable,#trending,#shorts,#radhikamaroo",157578,668,22
3,oylkAv_OXEE,Jai Jai Shri Radhe Krishna ji...ğŸ¤£ğŸ¤£ğŸ¤£ğŸ¤£#youtubeshorts #trending #funny #comedy #keshav soni family,Keshav Soni Family,2025-09-12T05:41:08Z,ID,videos,2025-09-16,2025-09-16,TRUE,https://www.youtube.com/watch?v=oylkAv_OXEE,"10,124,119","#youtubeshorts,#trending,#funny,#comedy,#keshav",12865,71,4
4,dgtVaLAwsn4,Rajat Dalal talking about Carryminati ğŸ‘€ğŸ”¥||#ytshorts #rajatdalal #carryminati #trending,AJC podcast1,2025-09-13T09:44:13Z,ID,videos,2025-09-16,2025-09-16,TRUE,https://www.youtube.com/watch?v=dgtVaLAwsn4,"9,328,646","#ytshorts,#rajatdalal,#carryminati,#trending,#salmankhan,#salman,#carryislive,#rajat,#youtubeshorts,#shortvideo,#shorts,#short,#shortsfeed",0,995,61
5,uLNtgS0IG8Q,#funny#trending #foryou,Bong girl Priyanka 420,2025-09-13T06:00:45Z,ID,videos,2025-09-16,2025-09-16,TRUE,https://www.youtube.com/watch?v=uLNtgS0IG8Q,"8,919,743","#funny,#trending,#foryou",0,0,10
6,S-3p4JJmfzk,Allah ki madad #trending #yt_shorts #india #shortvideos #viral #shortsfeed,Leader In Islam ,2025-09-14T04:54:18Z,ID,videos,2025-09-16,2025-09-16,TRUE,https://www.youtube.com/watch?v=S-3p4JJmfzk,"8,086,990","#trending,#yt_shorts,#india,#shortvideos,#viral,#shortsfeed",75224,23,20
7,6_0UOSZi3tY,"Shocking! Just cheese bait, mice drop into basket!? #cat #catandmouse #trending",Pet It Now,2025-09-13T06:30:02Z,ID,videos,2025-09-16,2025-09-16,TRUE,https://www.youtube.com/watch?v=6_0UOSZi3tY,"7,912,462","#cat,#catandmouse,#trending",27438,225,6
8,VQyNXemX6R4,Choti ne bacha liya bahen ko jaanğŸ”¥ #comedy #funny #entertainment #trending #virelshorts #anayavideo,K7 the fun,2025-09-12T00:40:00Z,ID,videos,2025-09-16,2025-09-16,TRUE,https://www.youtube.com/watch?v=VQyNXemX6R4,"7,615,178","#comedy,#funny,#entertainment,#trending,#virelshorts,#anayavideo",40830,7,21
9,qxGm14KEKYs,price 149sale shop sale market #shortvideo #video #trending #ytshorts #tiktokdâ€Œ,karan,2025-09-12T01:02:48Z,ID,videos,2025-09-16,2025-09-16,TRUE,https://www.youtube.com/watch?v=qxGm14KEKYs,"6,895,583","#shortvideo,#video,#trending,#ytshorts,#tiktokd",12853,8,9
10,3BUkUxS-dGo,birth blog #baby #cutebaby #newbornbaby #ytshorts #cute #trending #birthvlog #twins,Drkaran [MBBS],2025-09-13T15:15:00Z,ID,videos,2025-09-16,2025-09-16,TRUE,https://www.youtube.com/watch?v=3BUkUxS-dGo,"6,347,043","#shorts,#ytshorts,#trending,#mbbs,#birthvlog,#laboranddelivery,#newborn",6984,6,4
11,AseNjUXFTmI,danger movement ğŸ¤£ #cat #meme #dance #trending,Real Haru,2025-09-12T08:30:08Z,ID,videos,2025-09-16,2025-09-16,TRUE,https://www.youtube.com/watch?v=AseNjUXFTmI,"6,275,326",,27388,12,6
12,CDRAK9ucoC8,Dulhan ny Apny dulhy ko khabardar kar dia #shorts #viralvideo #trending #love #shortvideo #foryou,PullsUp,2025-09-13T15:56:37Z,ID,videos,2025-09-16,2025-09-16,TRUE,https://www.youtube.com/watch?v=CDRAK9ucoC8,"6,085,717","#shorts,#viralvideo,#trending,#love,#shortvideo,#foryou",17919,68,6
13,RkazQEHfTaY,A Dance Teacher's Competitive Fire ğŸ”¥#funny #dance #fyp #trending #foryou #cute,ywddxwls,2025-09-13T02:25:05Z,ID,videos,2025-09-16,2025-09-16,TRUE,https://www.youtube.com/watch?v=RkazQEHfTaY,"5,844,932","#funny,#dance,#fyp,#trending,#foryou,#cute",40483,52,21
14,0h6hBFUf2rQ,à¤²à¤—à¤¾ à¤¦à¥‡ à¤†à¤— à¤ªà¤¾à¤¨à¥€ à¤®à¥‡à¤‚ à¤œà¤µà¤¾à¤¨à¥€ à¤‰à¤¸à¥‡ à¤•à¤¹à¤¤à¥‡ à¤¹à¥ˆà¤‚ #indian_idol #trending #viral #funny #youtube #shorts,Pujan Kumar Official ,2025-09-13T07:05:35Z,ID,videos,2025-09-16,2025-09-16,TRUE,https://www.youtube.com/watch?v=0h6hBFUf2rQ,"5,736,205","#indian_idol,#trending,#viral,#funny,#youtube,#shorts",31851,12,19
15,a5MPqDoZ9B8,wag-mona Yan ituloy #shorts #fyp #motorcycle #trending,Larry G Bonhoc TV,2025-09-13T08:27:28Z,ID,videos,2025-09-16,2025-09-16,TRUE,https://www.youtube.com/watch?v=a5MPqDoZ9B8,"5,638,820","#shorts,#fyp,#motorcycle,#trending",10886,60,9
16,laWfjFPECXE,#palligramtv #trending #comedy #ytshorts,Dobir Vlogs,2025-09-12T02:00:45Z,ID,videos,2025-09-16,2025-09-16,TRUE,https://www.youtube.com/watch?v=laWfjFPECXE,"5,240,778","#palligramtv,#trending,#comedy,#ytshorts",29075,30,20
17,CoGsg2YPiEE,This Video Education Purpose Only #viralvideo #trending #shortsfeed,Cku fact,2025-09-12T07:02:54Z,ID,videos,2025-09-16,2025-09-16,TRUE,https://www.youtube.com/watch?v=CoGsg2YPiEE,"5,198,802","#viralvideo,#trending,#shortsfeed",66213,578,26
18,w5rNeaeFmZ8,coolest genZ ğŸ˜ #nepal #nepali #2025 #protest #trending #genz #nepalnews,#trending,2025-09-12T05:35:43Z,ID,videos,2025-09-16,2025-09-16,TRUE,https://www.youtube.com/watch?v=w5rNeaeFmZ8,"5,166,559","#nepal,#nepali,#2025,#protest,#trending,#genz,#nepalinews,#youth,#ytshorts,#foryou,#viral,#corruption,#parliament",210616,1231,61
19,hhPrtFuR_1g,Allah pak ki shan#indiapakistan#shortsfeed#trending#humanity# #Ù…ØªØ§Ø¨Ø¹Ù‡ #Ø§ØºØ§Ù†ÙŠ #Ø§ÙƒØ³Ø¨Ù„ÙˆØ±,Viral Islam,2025-09-13T00:00:50Z,ID,videos,2025-09-16,2025-09-16,TRUE,https://www.youtube.com/watch?v=hhPrtFuR_1g,"5,059,649","#indiapakistan,#shortsfeed,#trending,#humanity",27829,11,22
20,IfNl352ofZc,Tiktok Saves Many Lives ğŸ¤£ğŸ¤£ #neetubisht #funny #lakhneet #comedy #tiktok #share #trending #ytshorts,Neetu Bisht,2025-09-12T04:58:10Z,ID,videos,2025-09-16,2025-09-16,TRUE,https://www.youtube.com/watch?v=IfNl352ofZc,"4,270,996","#neetubisht,#funny,#lakhneet,#comedy,#tiktok,#share,#trending,#ytshorts",75891,742,27
1,0Qe1XMBHejU,Wait for last #shorts #viralshorts #trending #thimingalam #whatsappstatus,Thimingalam ,2025-09-13T12:30:02Z,ID,shorts,2025-09-16,2025-09-16,TRUE,https://www.youtube.com/watch?v=0Qe1XMBHejU,"27,416,792","#shorts,#viralshorts,#trending,#thimingalam,#whatsappstatus",168419,18,26
2,IO6UPFJAqcA,"""7 in 1 best gujiya folding trick unlocked.""ğŸ¤¯ğŸ˜‰ğŸ¤ª #relatable #trending #shorts",Radhika Maroo,2025-09-12T08:31:00Z,ID,shorts,2025-09-16,2025-09-16,TRUE,https://www.youtube.com/watch?v=IO6UPFJAqcA,"11,747,660","#relatable,#trending,#shorts,#radhikamaroo",157579,668,22
3,oylkAv_OXEE,Jai Jai Shri Radhe Krishna ji...ğŸ¤£ğŸ¤£ğŸ¤£ğŸ¤£#youtubeshorts #trending #funny #comedy #keshav soni family,Keshav Soni Family,2025-09-12T05:41:08Z,ID,shorts,2025-09-16,2025-09-16,TRUE,https://www.youtube.com/watch?v=oylkAv_OXEE,"10,127,860","#youtubeshorts,#trending,#funny,#comedy,#keshav",12867,71,4
4,uLNtgS0IG8Q,#funny#trending #foryou,Bong girl Priyanka 420,2025-09-13T06:00:45Z,ID,shorts,2025-09-16,2025-09-16,TRUE,https://www.youtube.com/watch?v=uLNtgS0IG8Q,"8,919,743","#funny,#trending,#foryou",0,0,10
5,S-3p4JJmfzk,Allah ki madad #trending #yt_shorts #india #shortvideos #viral #shortsfeed,Leader In Islam ,2025-09-14T04:54:18Z,ID,shorts,2025-09-16,2025-09-16,TRUE,https://www.youtube.com/watch?v=S-3p4JJmfzk,"8,086,990","#trending,#yt_shorts,#india,#shortvideos,#viral,#shortsfeed",75224,23,20
6,6_0UOSZi3tY,"Shocking! Just cheese bait, mice drop into basket!? #cat #catandmouse #trending",Pet It Now,2025-09-13T06:30:02Z,ID,shorts,2025-09-16,2025-09-16,TRUE,https://www.youtube.com/watch?v=6_0UOSZi3tY,"7,912,462","#cat,#catandmouse,#trending",27441,225,6
7,VQyNXemX6R4,Choti ne bacha liya bahen ko jaanğŸ”¥ #comedy #funny #entertainment #trending #virelshorts #anayavideo,K7 the fun,2025-09-12T00:40:00Z,ID,shorts,2025-09-16,2025-09-16,TRUE,https://www.youtube.com/watch?v=VQyNXemX6R4,"7,615,342","#comedy,#funny,#entertainment,#trending,#virelshorts,#anayavideo",40832,7,21
8,qxGm14KEKYs,price 149sale shop sale market #shortvideo #video #trending #ytshorts #tiktokdâ€Œ,karan,2025-09-12T01:02:48Z,ID,shorts,2025-09-16,2025-09-16,TRUE,https://www.youtube.com/watch?v=qxGm14KEKYs,"6,895,583","#shortvideo,#video,#trending,#ytshorts,#tiktokd",12854,8,9
9,3BUkUxS-dGo,birth blog #baby #cutebaby #newbornbaby #ytshorts #cute #trending #birthvlog #twins,Drkaran [MBBS],2025-09-13T15:15:00Z,ID,shorts,2025-09-16,2025-09-16,TRUE,https://www.youtube.com/watch?v=3BUkUxS-dGo,"6,347,043","#shorts,#ytshorts,#trending,#mbbs,#birthvlog,#laboranddelivery,#newborn",6984,6,4
10,AseNjUXFTmI,danger movement ğŸ¤£ #cat #meme #dance #trending,Real Haru,2025-09-12T08:30:08Z,ID,shorts,2025-09-16,2025-09-16,TRUE,https://www.youtube.com/watch?v=AseNjUXFTmI,"6,275,326",,27389,12,6
11,CDRAK9ucoC8,Dulhan ny Apny dulhy ko khabardar kar dia #shorts #viralvideo #trending #love #shortvideo #foryou,PullsUp,2025-09-13T15:56:37Z,ID,shorts,2025-09-16,2025-09-16,TRUE,https://www.youtube.com/watch?v=CDRAK9ucoC8,"6,085,717","#shorts,#viralvideo,#trending,#love,#shortvideo,#foryou",17919,68,6
12,RkazQEHfTaY,A Dance Teacher's Competitive Fire ğŸ”¥#funny #dance #fyp #trending #foryou #cute,ywddxwls,2025-09-13T02:25:05Z,ID,shorts,2025-09-16,2025-09-16,TRUE,https://www.youtube.com/watch?v=RkazQEHfTaY,"5,844,987","#funny,#dance,#fyp,#trending,#foryou,#cute",40483,52,21
13,0h6hBFUf2rQ,à¤²à¤—à¤¾ à¤¦à¥‡ à¤†à¤— à¤ªà¤¾à¤¨à¥€ à¤®à¥‡à¤‚ à¤œà¤µà¤¾à¤¨à¥€ à¤‰à¤¸à¥‡ à¤•à¤¹à¤¤à¥‡ à¤¹à¥ˆà¤‚ #indian_idol #trending #viral #funny #youtube #shorts,Pujan Kumar Official ,2025-09-13T07:05:35Z,ID,shorts,2025-09-16,2025-09-16,TRUE,https://www.youtube.com/watch?v=0h6hBFUf2rQ,"5,736,205","#indian_idol,#trending,#viral,#funny,#youtube,#shorts",31851,12,19
14,a5MPqDoZ9B8,wag-mona Yan ituloy #shorts #fyp #motorcycle #trending,Larry G Bonhoc TV,2025-09-13T08:27:28Z,ID,shorts,2025-09-16,2025-09-16,TRUE,https://www.youtube.com/watch?v=a5MPqDoZ9B8,"5,638,820","#shorts,#fyp,#motorcycle,#trending",10887,60,9
15,laWfjFPECXE,#palligramtv #trending #comedy #ytshorts,Dobir Vlogs,2025-09-12T02:00:45Z,ID,shorts,2025-09-16,2025-09-16,TRUE,https://www.youtube.com/watch?v=laWfjFPECXE,"5,240,778","#palligramtv,#trending,#comedy,#ytshorts",29076,30,20
16,CoGsg2YPiEE,This Video Education Purpose Only #viralvideo #trending #shortsfeed,Cku fact,2025-09-12T07:02:54Z,ID,shorts,2025-09-16,2025-09-16,TRUE,https://www.youtube.com/watch?v=CoGsg2YPiEE,"5,198,802","#viralvideo,#trending,#shortsfeed",66216,578,26
17,hhPrtFuR_1g,Allah pak ki shan#indiapakistan#shortsfeed#trending#humanity# #Ù…ØªØ§Ø¨Ø¹Ù‡ #Ø§ØºØ§Ù†ÙŠ #Ø§ÙƒØ³Ø¨Ù„ÙˆØ±,Viral Islam,2025-09-13T00:00:50Z,ID,shorts,2025-09-16,2025-09-16,TRUE,https://www.youtube.com/watch?v=hhPrtFuR_1g,"5,059,649","#indiapakistan,#shortsfeed,#trending,#humanity",27831,11,22
18,IfNl352ofZc,Tiktok Saves Many Lives ğŸ¤£ğŸ¤£ #neetubisht #funny #lakhneet #comedy #tiktok #share #trending #ytshorts,Neetu Bisht,2025-09-12T04:58:10Z,ID,shorts,2025-09-16,2025-09-16,TRUE,https://www.youtube.com/watch?v=IfNl352ofZc,"4,270,996","#neetubisht,#funny,#lakhneet,#comedy,#tiktok,#share,#trending,#ytshorts",75894,742,27
19,MB_lIcfH6oA,Woh Kisna hai â¤ï¸ğŸ˜µâ€ğŸ’« #shorts #cutebaby #trending #riyanshikimasti #trendingshorts #viralvideo,Riyanshi Ki Masti ,2025-09-11T15:32:00Z,ID,shorts,2025-09-16,2025-09-16,TRUE,https://www.youtube.com/watch?v=MB_lIcfH6oA,"4,191,893","#shorts,#cutebaby,#trending,#riyanshikimasti,#trendingshorts,#viralvideo",17859,3,11
20,l9jubUk5ois,viral #viral #trending #freebusservice #funny #100million,R K Life ,2025-09-13T11:01:26Z,ID,shorts,2025-09-16,2025-09-16,TRUE,https://www.youtube.com/watch?v=l9jubUk5ois,"4,020,727","#viral,#trending,#freebusservice,#funny,#100million",0,0,9
1,mb2ydTYBlJI,kiski ladai me lekar ja rahe hai ğŸ˜±#shortsviral #funnycomedy,rishi bhuria,2025-09-15T01:32:51Z,MX,videos,2025-09-16,2025-09-16,TRUE,https://www.youtube.com/watch?v=mb2ydTYBlJI,"5,918,601","#trending,#top10short,#popular,#viralvideos,#superhitcomedy,#funny,#villagelife,#entertainment,#magical,#masti,#ytshortsvideo,#shortsviral,#shortcomedy,#fun,#majak",42197,6,43
2,qyN2r-MY10Y,#banaraslitfest,ZAIDIFY 2.0,2025-09-12T01:45:06Z,MX,videos,2025-09-16,2025-09-16,TRUE,https://www.youtube.com/watch?v=qyN2r-MY10Y,"5,431,829","#shorts,#popular,#latest,#viral,#trending,#funny,#funnyvideos,#mrbombastic,#catbombasticc",30167,304,6
3,14CcNbGEmbc,Ajax â˜ ï¸ğŸ”¥| VAI VAI TRAIR [SLOWED],CLOX,2025-09-13T12:53:01Z,MX,videos,2025-09-16,2025-09-16,TRUE,https://www.youtube.com/watch?v=14CcNbGEmbc,"4,023,812","#fyp,#edit,#fy,#foryou,#foryourpage,#short,#trending,#trendingshorts,#new,#viral,#edits,#video,#newshort,#music,#tiktok,#youtube,#aveeplayr,#algorithm,#youtubeshorts,#popular,#neflix,#skull,#skulledit,#wednesdayedit,#wednesdayseason2,#addamsfamily,#wednesday,#wednesdaynetflix,#wednesday2,#netflixedit,#phonkvibes,#phonkedit,#funkedit,#seriesedit,#movieedit,#aftereffects,#cinematicedit,#viralshorts,#ytshorts,#trendingnow,#emotionalscene,#edittrend,#trendingedit,#reeledit,#cooledit,#mashupedit",101297,492,24
4,QB0wvzYbHEI,MI NOVIA SE PERDIÃ“! ğŸ’”ğŸ˜­ #comedia #risa #mexico #sketch #random #novia #shorts,Sandra Heath,2025-09-12T12:35:55Z,MX,videos,2025-09-16,2025-09-16,TRUE,https://www.youtube.com/watch?v=QB0wvzYbHEI,"3,204,717","#comedia,#risa,#mexico,#sketch,#random,#novia,#shorts",33766,33,53
5,1c83rCl0Sfc,Dia de lavado ğŸ§¼#desencanto #netflix #espaÃ±ol #humor #elfo,Viraletz,2025-09-11T16:22:43Z,MX,videos,2025-09-16,2025-09-16,TRUE,https://www.youtube.com/watch?v=1c83rCl0Sfc,"3,199,418","#desencanto,#netflix,#espa,#humor,#elfo",156819,174,58
6,jhBiWn0nIxs,Money is honey ğŸ˜—#cat #memes #dance #trending,Mobb,2025-09-13T14:01:10Z,MX,videos,2025-09-16,2025-09-16,TRUE,https://www.youtube.com/watch?v=jhBiWn0nIxs,"2,985,365","#shorts,#popular,#latest,#viral,#trending,#funny,#funnyvideos,#mrbombastic,#catbombastic",42735,38,6
7,AbTpD9YWZkA,ğŸ”´DebÃ­ Confiar en elğŸ¥±ğŸŒ€Fandub EspaÃ±olğŸŒ€ [ The Johnson Brothers en EspaÃ±ol ] #memes #humor #fandub #art,EVANS THE CHAMPION,2025-09-14T21:25:35Z,MX,videos,2025-09-16,2025-09-16,TRUE,https://www.youtube.com/watch?v=AbTpD9YWZkA,"2,946,062","#theamazingdigitalcircus,#jax,#pomnixjax,#pomni,#cute,#digitalcircus,#gangle,#fandubespa,#fandublatino,#ponmi,#cupheadespa,#cupheadmeme,#amazingdigitalcircus,#cupheadshow,#fandubbing,#fandubs,#fanduber,#humor,#parody,#fivenightsatfreddys,#fnaf,#memes,#bonnie,#freddy,#freddyfazbear,#deltarune,#spamton,#berdly,#undertaleart,#asrieldreemurr,#deltarunesusie,#undertalefandom,#undertalefrisk,#lancer,#deltaruneart,#underfell,#friskundertale,#undertalechara,#jevildeltarune,#digitalart,#deltarunelancer,#undertaleedit,#undynetheundying,#underswap,#lancerdeltarune,#undertaleaus,#muffet,#deltarunejevil,#sanstheskeleton,#undertalememe,#rouxlskaard,#drawing,#underverse,#charaundertale,#undertale,#sans,#papyrus,#frisk,#chara,#asriel,#toriel,#undyne,#ralsei,#asgore,#tobyfox,#deltarunefanart,#undertalememes,#alphys,#kris,#mettaton,#undertalefanart,#art,#flowey,#jevil,#deltarunekris,#undertalesans,#fanart,#krisdeltarune,#undertaleau,#deltarunememes,#susiedeltarune,#deltaruneralsei,#bhfyp,#videogames,#gaming,#ps,#gamer,#playstation,#games,#xbox,#game,#nintendo,#videogame,#xboxone,#twitch,#gamers,#pc,#gamergirl,#pcgaming,#retrogaming,#instagamer,#fortnite,#youtube,#nintendoswitch,#instagaming,#gta,#gamingcommunity,#anime,#streamer,#cosplay",34236,248,11
8,VZvs6g7zyw8,#interesting #popular #humorous #funnyvideo #viralvideos #trending,COncha Subedi65,2025-09-12T07:18:52Z,MX,videos,2025-09-16,2025-09-16,TRUE,https://www.youtube.com/watch?v=VZvs6g7zyw8,"2,730,664","#interesting,#popular,#humorous,#funnyvideo,#viralvideos,#trending",20314,20,57
9,3YfgtvuKzSc,#elchombo,dhanyfm_challenge,2025-09-11T22:00:05Z,MX,videos,2025-09-16,2025-09-16,TRUE,https://www.youtube.com/watch?v=3YfgtvuKzSc,"2,419,891","#shorts,#popular,#latest,#viral,#trending,#funny,#funnyvideos,#mrbombastic,#catbombastic",15147,112,6
10,eamyRRth63M,#amirkhanvoice,Cat Memes 96,2025-09-13T13:51:12Z,MX,videos,2025-09-16,2025-09-16,TRUE,https://www.youtube.com/watch?v=eamyRRth63M,"2,062,270","#shorts,#popular,#latest,#viral,#trending,#funny,#funnyvideos,#catloverlife,#dalimsharma,#fxyoeditz,#uttarakhandirasoi",11166,29,6
11,T3JYyetjoxE,Estas ideas son Ãºtil en la construcciÃ³n ğŸ‡ºğŸ‡¸ğŸ‡²ğŸ‡½ #construction #skills #usa #mexico,Nica en New York,2025-09-11T23:15:01Z,MX,videos,2025-09-16,2025-09-16,TRUE,https://www.youtube.com/watch?v=T3JYyetjoxE,"2,033,636","#construction,#skills,#usa,#mexico",11621,36,15
12,FAhjePF11XQ,IRÃ‰ A ROGARLE A MI OTRO JEFE LO QUE NO HICE NUNCA,Vladi & Marta,2025-09-14T00:30:14Z,MX,videos,2025-09-16,2025-09-16,TRUE,https://www.youtube.com/watch?v=FAhjePF11XQ,"1,953,928","#mexico,#mexicano",23003,45,10
13,nRFocflizPY,KPop Demon Hunters! How to Become Popular KPop Star?,Woohoo Music,2025-09-12T14:01:19Z,MX,videos,2025-09-16,2025-09-16,TRUE,https://www.youtube.com/watch?v=nRFocflizPY,"1,809,410","#woohoomusic,#kpop,#demonhunters,#makeover",5784,79,743
14,RYvZssue1OU,Cosas que pasaron en la semana #mexico #mexicoğŸ‡²ğŸ‡½ #usa,Dagony,2025-09-12T23:50:42Z,MX,videos,2025-09-16,2025-09-16,TRUE,https://www.youtube.com/watch?v=RYvZssue1OU,"1,711,028","#mexico,#usa",120548,896,64
15,NziqerqjRo0,Que paso Aqui #mexico,Noticiero MX,2025-09-14T00:53:16Z,MX,videos,2025-09-16,2025-09-16,TRUE,https://www.youtube.com/watch?v=NziqerqjRo0,"1,671,955",#mexico,7611,163,8
16,FptKscwhimU,Tiempos P.3ğŸ‡²ğŸ‡½ #mexico #tiktok #baile #cumbia #food #tacos #fyp #reel #mx #grwm #cr7 #ai #sonideros,Hector Ramirez,2025-09-11T18:23:07Z,MX,videos,2025-09-16,2025-09-16,TRUE,https://www.youtube.com/watch?v=FptKscwhimU,"1,589,360","#mexico,#tiktok,#baile,#cumbia,#food,#tacos,#fyp,#reel,#mx,#grwm,#cr7,#ai,#sonideros",19471,641,11
17,CeWf1KoaKIk,Prank Day â˜ ï¸ğŸ”¥| VAI VAI TRAIR [SLOWED],CLOX,2025-09-13T00:22:14Z,MX,videos,2025-09-16,2025-09-16,TRUE,https://www.youtube.com/watch?v=CeWf1KoaKIk,"1,548,704","#fyp,#edit,#fy,#foryou,#foryourpage,#short,#trending,#trendingshorts,#new,#viral,#edits,#video,#newshort,#music,#tiktok,#youtube,#aveeplayr,#algorithm,#youtubeshorts,#popular,#neflix,#skull,#skulledit,#wednesdayedit,#wednesdayseason2,#addamsfamily,#wednesday,#wednesdaynetflix,#wednesday2,#netflixedit,#phonkvibes,#phonkedit,#funkedit,#seriesedit,#movieedit,#aftereffects,#cinematicedit,#viralshorts,#ytshorts,#trendingnow,#emotionalscene,#edittrend,#trendingedit,#reeledit,#cooledit,#mashupedit",33417,127,28
18,-QeNZSPotyo,Â¿QuiÃ©n eres en la vida #viralvideo #reflexionesdeldia,Camino al Ã‰xito,2025-09-12T19:20:19Z,MX,videos,2025-09-16,2025-09-16,TRUE,https://www.youtube.com/watch?v=-QeNZSPotyo,"1,502,140","#motivacion,#shorts,#viralvideo,#espa,#amor,#reflexiones,#fe",17744,840,6
19,0FFDCgdrVsM,#elchombo,dhanyfm_challenge,2025-09-11T22:00:00Z,MX,videos,2025-09-16,2025-09-16,TRUE,https://www.youtube.com/watch?v=0FFDCgdrVsM,"1,379,215","#shorts,#popular,#latest,#viral,#trending,#funny,#funnyvideos,#mrbombastic,#catbombastic",8940,60,6
20,_kGKuDvKhA4,ğŸ”´Huntr/x Juegan Charlie CharlieğŸŒ€Fandub EspaÃ±olğŸŒ€ [ Kpop Demon Hunters x 99 Nights in the Forest ],EVANS THE CHAMPION,2025-09-13T21:15:02Z,MX,videos,2025-09-16,2025-09-16,TRUE,https://www.youtube.com/watch?v=_kGKuDvKhA4,"1,364,216","#rabbert,#memes,#meme,#smilingcritters,#dogday,#dogdays,#dogdaycaresydney,#catnap,#catnapxdogday,#catnapchronicles,#catnaps,#poppyplaytime,#poppyplaytimechapter3,#poppyplaytimechapter2,#poppyplaytime2,#theamazingdigitalcircus,#jax,#pomnixjax,#pomni,#cute,#digitalcircus,#gangle,#fandubespa,#fandublatino,#ponmi,#cupheadespa,#cupheadmeme,#amazingdigitalcircus,#cupheadshow,#fandubbing,#fandubs,#fanduber,#humor,#parody,#fivenightsatfreddys,#fnaf,#bonnie,#freddy,#freddyfazbear,#deltarune,#spamton,#berdly,#undertaleart,#asrieldreemurr,#deltarunesusie,#undertalefandom,#undertalefrisk,#lancer,#deltaruneart,#underfell,#friskundertale,#undertalechara,#jevildeltarune,#digitalart,#deltarunelancer,#undertaleedit,#undynetheundying,#underswap,#lancerdeltarune,#undertaleaus,#muffet,#deltarunejevil,#sanstheskeleton,#undertalememe,#rouxlskaard,#drawing,#underverse,#charaundertale,#undertale,#sans,#papyrus,#frisk,#chara,#asriel,#toriel,#undyne,#ralsei,#asgore,#tobyfox,#deltarunefanart,#undertalememes,#alphys,#kris,#mettaton,#undertalefanart,#art,#flowey,#jevil,#deltarunekris,#undertalesans,#fanart,#krisdeltarune,#undertaleau,#deltarunememes,#susiedeltarune,#deltaruneralsei,#bhfyp,#videogames,#gaming,#ps,#gamer,#playstation,#games,#xbox,#game,#nintendo,#videogame,#xboxone,#twitch,#gamers,#pc,#gamergirl,#pcgaming,#retrogaming,#instagamer,#fortnite,#youtube,#nintendoswitch,#instagaming,#gta,#gamingcommunity,#anime,#streamer,#cosplay",22627,135,11
1,mb2ydTYBlJI,kiski ladai me lekar ja rahe hai ğŸ˜±#shortsviral #funnycomedy,rishi bhuria,2025-09-15T01:32:51Z,MX,shorts,2025-09-16,2025-09-16,TRUE,https://www.youtube.com/watch?v=mb2ydTYBlJI,"5,919,594","#trending,#top10short,#popular,#viralvideos,#superhitcomedy,#funny,#villagelife,#entertainment,#magical,#masti,#ytshortsvideo,#shortsviral,#shortcomedy,#fun,#majak",42198,6,43
2,qyN2r-MY10Y,#banaraslitfest,ZAIDIFY 2.0,2025-09-12T01:45:06Z,MX,shorts,2025-09-16,2025-09-16,TRUE,https://www.youtube.com/watch?v=qyN2r-MY10Y,"5,431,829","#shorts,#popular,#latest,#viral,#trending,#funny,#funnyvideos,#mrbombastic,#catbombasticc",30167,304,6
3,14CcNbGEmbc,Ajax â˜ ï¸ğŸ”¥| VAI VAI TRAIR [SLOWED],CLOX,2025-09-13T12:53:01Z,MX,shorts,2025-09-16,2025-09-16,TRUE,https://www.youtube.com/watch?v=14CcNbGEmbc,"4,023,812","#fyp,#edit,#fy,#foryou,#foryourpage,#short,#trending,#trendingshorts,#new,#viral,#edits,#video,#newshort,#music,#tiktok,#youtube,#aveeplayr,#algorithm,#youtubeshorts,#popular,#neflix,#skull,#skulledit,#wednesdayedit,#wednesdayseason2,#addamsfamily,#wednesday,#wednesdaynetflix,#wednesday2,#netflixedit,#phonkvibes,#phonkedit,#funkedit,#seriesedit,#movieedit,#aftereffects,#cinematicedit,#viralshorts,#ytshorts,#trendingnow,#emotionalscene,#edittrend,#trendingedit,#reeledit,#cooledit,#mashupedit",101297,492,24
4,QB0wvzYbHEI,MI NOVIA SE PERDIÃ“! ğŸ’”ğŸ˜­ #comedia #risa #mexico #sketch #random #novia #shorts,Sandra Heath,2025-09-12T12:35:55Z,MX,shorts,2025-09-16,2025-09-16,TRUE,https://www.youtube.com/watch?v=QB0wvzYbHEI,"3,204,717","#comedia,#risa,#mexico,#sketch,#random,#novia,#shorts",33767,33,53
5,1c83rCl0Sfc,Dia de lavado ğŸ§¼#desencanto #netflix #espaÃ±ol #humor #elfo,Viraletz,2025-09-11T16:22:43Z,MX,shorts,2025-09-16,2025-09-16,TRUE,https://www.youtube.com/watch?v=1c83rCl0Sfc,"3,199,418","#desencanto,#netflix,#espa,#humor,#elfo",156819,174,58
6,jhBiWn0nIxs,Money is honey ğŸ˜—#cat #memes #dance #trending,Mobb,2025-09-13T14:01:10Z,MX,shorts,2025-09-16,2025-09-16,TRUE,https://www.youtube.com/watch?v=jhBiWn0nIxs,"2,985,365","#shorts,#popular,#latest,#viral,#trending,#funny,#funnyvideos,#mrbombastic,#catbombastic",42737,38,6
7,AbTpD9YWZkA,ğŸ”´DebÃ­ Confiar en elğŸ¥±ğŸŒ€Fandub EspaÃ±olğŸŒ€ [ The Johnson Brothers en EspaÃ±ol ] #memes #humor #fandub #art,EVANS THE CHAMPION,2025-09-14T21:25:35Z,MX,shorts,2025-09-16,2025-09-16,TRUE,https://www.youtube.com/watch?v=AbTpD9YWZkA,"2,946,969","#theamazingdigitalcircus,#jax,#pomnixjax,#pomni,#cute,#digitalcircus,#gangle,#fandubespa,#fandublatino,#ponmi,#cupheadespa,#cupheadmeme,#amazingdigitalcircus,#cupheadshow,#fandubbing,#fandubs,#fanduber,#humor,#parody,#fivenightsatfreddys,#fnaf,#memes,#bonnie,#freddy,#freddyfazbear,#deltarune,#spamton,#berdly,#undertaleart,#asrieldreemurr,#deltarunesusie,#undertalefandom,#undertalefrisk,#lancer,#deltaruneart,#underfell,#friskundertale,#undertalechara,#jevildeltarune,#digitalart,#deltarunelancer,#undertaleedit,#undynetheundying,#underswap,#lancerdeltarune,#undertaleaus,#muffet,#deltarunejevil,#sanstheskeleton,#undertalememe,#rouxlskaard,#drawing,#underverse,#charaundertale,#undertale,#sans,#papyrus,#frisk,#chara,#asriel,#toriel,#undyne,#ralsei,#asgore,#tobyfox,#deltarunefanart,#undertalememes,#alphys,#kris,#mettaton,#undertalefanart,#art,#flowey,#jevil,#deltarunekris,#undertalesans,#fanart,#krisdeltarune,#undertaleau,#deltarunememes,#susiedeltarune,#deltaruneralsei,#bhfyp,#videogames,#gaming,#ps,#gamer,#playstation,#games,#xbox,#game,#nintendo,#videogame,#xboxone,#twitch,#gamers,#pc,#gamergirl,#pcgaming,#retrogaming,#instagamer,#fortnite,#youtube,#nintendoswitch,#instagaming,#gta,#gamingcommunity,#anime,#streamer,#cosplay",34237,248,11
8,VZvs6g7zyw8,#interesting #popular #humorous #funnyvideo #viralvideos #trending,COncha Subedi65,2025-09-12T07:18:52Z,MX,shorts,2025-09-16,2025-09-16,TRUE,https://www.youtube.com/watch?v=VZvs6g7zyw8,"2,730,664","#interesting,#popular,#humorous,#funnyvideo,#viralvideos,#trending",20314,20,57
9,3YfgtvuKzSc,#elchombo,dhanyfm_challenge,2025-09-11T22:00:05Z,MX,shorts,2025-09-16,2025-09-16,TRUE,https://www.youtube.com/watch?v=3YfgtvuKzSc,"2,419,891","#shorts,#popular,#latest,#viral,#trending,#funny,#funnyvideos,#mrbombastic,#catbombastic",15147,112,6
10,eamyRRth63M,#amirkhanvoice,Cat Memes 96,2025-09-13T13:51:12Z,MX,shorts,2025-09-16,2025-09-16,TRUE,https://www.youtube.com/watch?v=eamyRRth63M,"2,062,270","#shorts,#popular,#latest,#viral,#trending,#funny,#funnyvideos,#catloverlife,#dalimsharma,#fxyoeditz,#uttarakhandirasoi",11166,29,6
11,T3JYyetjoxE,Estas ideas son Ãºtil en la construcciÃ³n ğŸ‡ºğŸ‡¸ğŸ‡²ğŸ‡½ #construction #skills #usa #mexico,Nica en New York,2025-09-11T23:15:01Z,MX,shorts,2025-09-16,2025-09-16,TRUE,https://www.youtube.com/watch?v=T3JYyetjoxE,"2,033,636","#construction,#skills,#usa,#mexico",11621,36,15
12,FAhjePF11XQ,IRÃ‰ A ROGARLE A MI OTRO JEFE LO QUE NO HICE NUNCA,Vladi & Marta,2025-09-14T00:30:14Z,MX,shorts,2025-09-16,2025-09-16,TRUE,https://www.youtube.com/watch?v=FAhjePF11XQ,"1,953,928","#mexico,#mexicano",23003,45,10
13,NziqerqjRo0,Que paso Aqui #mexico,Noticiero MX,2025-09-14T00:53:16Z,MX,shorts,2025-09-16,2025-09-16,TRUE,https://www.youtube.com/watch?v=NziqerqjRo0,"1,671,955",#mexico,7612,163,8
14,FptKscwhimU,Tiempos P.3ğŸ‡²ğŸ‡½ #mexico #tiktok #baile #cumbia #food #tacos #fyp #reel #mx #grwm #cr7 #ai #sonideros,Hector Ramirez,2025-09-11T18:23:07Z,MX,shorts,2025-09-16,2025-09-16,TRUE,https://www.youtube.com/watch?v=FptKscwhimU,"1,589,360","#mexico,#tiktok,#baile,#cumbia,#food,#tacos,#fyp,#reel,#mx,#grwm,#cr7,#ai,#sonideros",19471,641,11
15,CeWf1KoaKIk,Prank Day â˜ ï¸ğŸ”¥| VAI VAI TRAIR [SLOWED],CLOX,2025-09-13T00:22:14Z,MX,shorts,2025-09-16,2025-09-16,TRUE,https://www.youtube.com/watch?v=CeWf1KoaKIk,"1,548,704","#fyp,#edit,#fy,#foryou,#foryourpage,#short,#trending,#trendingshorts,#new,#viral,#edits,#video,#newshort,#music,#tiktok,#youtube,#aveeplayr,#algorithm,#youtubeshorts,#popular,#neflix,#skull,#skulledit,#wednesdayedit,#wednesdayseason2,#addamsfamily,#wednesday,#wednesdaynetflix,#wednesday2,#netflixedit,#phonkvibes,#phonkedit,#funkedit,#seriesedit,#movieedit,#aftereffects,#cinematicedit,#viralshorts,#ytshorts,#trendingnow,#emotionalscene,#edittrend,#trendingedit,#reeledit,#cooledit,#mashupedit",33417,127,28
16,-QeNZSPotyo,Â¿QuiÃ©n eres en la vida #viralvideo #reflexionesdeldia,Camino al Ã‰xito,2025-09-12T19:20:19Z,MX,shorts,2025-09-16,2025-09-16,TRUE,https://www.youtube.com/watch?v=-QeNZSPotyo,"1,502,140","#motivacion,#shorts,#viralvideo,#espa,#amor,#reflexiones,#fe",17744,840,6
17,0FFDCgdrVsM,#elchombo,dhanyfm_challenge,2025-09-11T22:00:00Z,MX,shorts,2025-09-16,2025-09-16,TRUE,https://www.youtube.com/watch?v=0FFDCgdrVsM,"1,379,215","#shorts,#popular,#latest,#viral,#trending,#funny,#funnyvideos,#mrbombastic,#catbombastic",8940,60,6
18,_kGKuDvKhA4,ğŸ”´Huntr/x Juegan Charlie CharlieğŸŒ€Fandub EspaÃ±olğŸŒ€ [ Kpop Demon Hunters x 99 Nights in the Forest ],EVANS THE CHAMPION,2025-09-13T21:15:02Z,MX,shorts,2025-09-16,2025-09-16,TRUE,https://www.youtube.com/watch?v=_kGKuDvKhA4,"1,364,216","#rabbert,#memes,#meme,#smilingcritters,#dogday,#dogdays,#dogdaycaresydney,#catnap,#catnapxdogday,#catnapchronicles,#catnaps,#poppyplaytime,#poppyplaytimechapter3,#poppyplaytimechapter2,#poppyplaytime2,#theamazingdigitalcircus,#jax,#pomnixjax,#pomni,#cute,#digitalcircus,#gangle,#fandubespa,#fandublatino,#ponmi,#cupheadespa,#cupheadmeme,#amazingdigitalcircus,#cupheadshow,#fandubbing,#fandubs,#fanduber,#humor,#parody,#fivenightsatfreddys,#fnaf,#bonnie,#freddy,#freddyfazbear,#deltarune,#spamton,#berdly,#undertaleart,#asrieldreemurr,#deltarunesusie,#undertalefandom,#undertalefrisk,#lancer,#deltaruneart,#underfell,#friskundertale,#undertalechara,#jevildeltarune,#digitalart,#deltarunelancer,#undertaleedit,#undynetheundying,#underswap,#lancerdeltarune,#undertaleaus,#muffet,#deltarunejevil,#sanstheskeleton,#undertalememe,#rouxlskaard,#drawing,#underverse,#charaundertale,#undertale,#sans,#papyrus,#frisk,#chara,#asriel,#toriel,#undyne,#ralsei,#asgore,#tobyfox,#deltarunefanart,#undertalememes,#alphys,#kris,#mettaton,#undertalefanart,#art,#flowey,#jevil,#deltarunekris,#undertalesans,#fanart,#krisdeltarune,#undertaleau,#deltarunememes,#susiedeltarune,#deltaruneralsei,#bhfyp,#videogames,#gaming,#ps,#gamer,#playstation,#games,#xbox,#game,#nintendo,#videogame,#xboxone,#twitch,#gamers,#pc,#gamergirl,#pcgaming,#retrogaming,#instagamer,#fortnite,#youtube,#nintendoswitch,#instagaming,#gta,#gamingcommunity,#anime,#streamer,#cosplay",22627,135,11
19,MOgtnxGXKKg,Meanwhile meğŸ˜­ #funny #relatable #shorts #trending #viraltrend #popular #fypviral #1million #edit,ğ—·ğ—²ğ—¼ğ—»ğ—²ğ—±ğ—¶ğ˜ğ˜‡,2025-09-13T13:30:06Z,MX,shorts,2025-09-16,2025-09-16,TRUE,https://www.youtube.com/watch?v=MOgtnxGXKKg,"1,331,929","#jeoneditz,#aesthetic,#viraltrend,#fypviral,#explorefeed,#1million",0,8,8
20,QteJjqJiYl8,NO SABÃA QUE HABÃA MÃS PERSONAS COMO YO EN EL MUNDO,Vladi & Marta,2025-09-14T01:15:02Z,MX,shorts,2025-09-16,2025-09-16,TRUE,https://www.youtube.com/watch?v=QteJjqJiYl8,"1,211,026","#mexico,#mexicano",12113,78,6