rank,videoId,title,channelTitle,publishedAt,region,type,recordDate,url,viewCount,likeCount,commentCount,hashtags,durationSeconds
1,U0FWS4Jrcbs,"Female cat making indian rice,turns out be a fatal game#ai #cat #funny #india #animation #catsnake",Mystery cat ,2025-09-10T15:27:37Z,TW,videos,2025-09-17,https://www.youtube.com/watch?v=U0FWS4Jrcbs,96079554,953798,1300,"#ai,#cat,#funny,#india,#animation,#catsnake",65
2,_0NKbP6rl_Y,carelessness during meat chopping turn into life time sorrow #ai #cat #funny #animation #india,Mystery cat ,2025-09-11T16:07:52Z,TW,videos,2025-09-17,https://www.youtube.com/watch?v=_0NKbP6rl_Y,81013227,915410,1406,"#ai,#cat,#funny,#animation,#india",63
3,RM9-6FfZdgg,Shocking! The poor kitten has the Transformer !#shorts  #cat  #ai  #story  #kitten #autobots,kitten Storys,2025-09-14T06:15:03Z,TW,videos,2025-09-17,https://www.youtube.com/watch?v=RM9-6FfZdgg,51355472,300046,106,,17
4,Kgnjwlgf32U,Indian Army officer Saved the Plane Passengers By Throwing the Unclaimed Bag#ai #army,kahani Buzz,2025-09-12T13:30:31Z,TW,videos,2025-09-17,https://www.youtube.com/watch?v=Kgnjwlgf32U,36923615,691381,736,"#ai,#army",32
5,9Ixo2EgTlRE,The soldier saved passengers from aeroplane mid-air crisis! #ai #army #ytshorts,ETC BackLol Facts,2025-09-12T13:30:09Z,TW,videos,2025-09-17,https://www.youtube.com/watch?v=9Ixo2EgTlRE,33004840,0,149,"#ai,#army,#ytshorts",20
6,DPq_GzN9hWU,‡§¨‡§ø‡§≤‡•ç‡§≤‡•Ç ‡§ï‡§æ ‡§Æ‡§ø‡§ï‡•ç‡§∏‡•Ä ‡§Æ‡•á‡§Ç ‡§¨‡§®‡§æ ‡§ú‡•Ç‡§∏ üôÄ#catsoftiktok‚Äã #cat‚Äã #cute‚Äã #aiart‚Äã #ai‚Äã #poorcat‚Äã #catlover‚Äã #fyp,Ankit üëë,2025-09-11T03:45:00Z,TW,videos,2025-09-17,https://www.youtube.com/watch?v=DPq_GzN9hWU,26032162,0,51,"#catsoftiktok,#cat,#cute,#aiart,#ai,#poorcat,#catlover,#fyp,#top,#1million,#reels,#tiktok,#funny,#1m,#trend,#instagram,#shorts,#kitten,#wtf,#viral,#4,#relax,#spiderman,#philippines,#myanmar,#india,#mexico,#unitedstates,#cheating,#aicat,#cutecat,#4k,#catvelpictures,#cats,#catvel,#marvel",28
7,43mAAq1ErIY,"POV: You're fishing with your friends and a shark attacks one of them, he almost lost his life #ai",TREASURES OF THE OCEAN,2025-09-10T14:07:33Z,TW,videos,2025-09-17,https://www.youtube.com/watch?v=43mAAq1ErIY,16919917,42278,180,#ai,11
8,IO01m122p1o,She Love's The Touch ‚ù§Ô∏è pt2 #viral #shorts #ai #aisareedivas,AI Saree Divas,2025-09-10T13:57:11Z,TW,videos,2025-09-17,https://www.youtube.com/watch?v=IO01m122p1o,15023106,42928,138,"#viral,#shorts,#ai,#aisareedivas",6
9,JGgKkKssKN4,INSANE Sonic Boom Test ‚Äì Fighter Jet at Full Speed (AI Cinematic ep04),AI Military Uniform,2025-09-11T11:06:23Z,TW,videos,2025-09-17,https://www.youtube.com/watch?v=JGgKkKssKN4,14487655,41985,496,"#aiart,#neuralart,#generativeart,#summerlove,#ancientegypt,#egyptiangoddess,#ai,#surreal,#artist,#artwork,#ancientmusic,#folk,#instaart,#contemporaryart,#tales,#magic,#fineart,#digitalart,#myths,#artoftheday,#arts,#independentartist,#vagan,#capri,#vaganclipart,#vqganart,#wombodream,#wombodreamart,#art,#instaartist,#inspiration,#digitalartist,#digitalartwork,#computerart,#nftart,#aiartcommunity,#machinelearning,#abstractart,#psychedelicart,#discodiffusion,#dreams,#aigeneratedvideo,#visualstudio,#fractals,#aimusicvideo,#trippyvideos,#trippyvisuals4k,#psychedelicvisuals4k,#aigeneratedmusicvideo,#wonderwoman,#midjourney,#vintage,#retro",6
10,nrhrkDHdX9E,so cute HAHA ¬©Ô∏èto the owner#ccto #eunwoo #ai  #youtube #youtubeshorts #trending #fyp„Ç∑„Çöviral #astro,Eunwoocheee Fan üí´,2025-09-10T11:06:49Z,TW,videos,2025-09-17,https://www.youtube.com/watch?v=nrhrkDHdX9E,9090301,90321,1619,"#ccto,#eunwoo,#ai,#youtube,#youtubeshorts,#trending,#fyp,#astro",6
11,8-v2UNQWqhU,The soldier saved pilot from airplane disaster in air! #ai #army #ytshorts,ETC BackLol Facts,2025-09-13T13:30:09Z,TW,videos,2025-09-17,https://www.youtube.com/watch?v=8-v2UNQWqhU,8449799,0,24,"#ai,#army,#ytshorts",21
12,99nepSPkgfo,Ph·∫ßn 166: Capy v√† ƒë√°m b·∫°n nh·∫£y h·ªì b∆°i #thientruongdaily #funny #ai #capybara,THI√äN TR∆Ø·ªúNG DAILY,2025-09-11T10:33:38Z,TW,videos,2025-09-17,https://www.youtube.com/watch?v=99nepSPkgfo,7765613,24678,114,"#thientruongdaily,#funny,#ai,#capybara",8
13,Av45KO6wW4o,Real life Vs AI. Part 21,Jiemba Sands,2025-09-12T13:00:31Z,TW,videos,2025-09-17,https://www.youtube.com/watch?v=Av45KO6wW4o,7626841,187599,470,"#ai,#vs,#reallife",20
14,SLjMh8r9SMo,Husky Puppy's Clever Call for Help! üê∂üëÄ Mom Saved!...#ai #rescue #wildlife #animals,Catoo Mission,2025-09-10T17:27:16Z,TW,videos,2025-09-17,https://www.youtube.com/watch?v=SLjMh8r9SMo,6956381,15064,13,"#ai,#rescue,#wildlife,#animals",8
15,v5hIeXLZims,üò¢RUMI was rescued by Mira and Zoey after the incident. #ai #kpop #funny #shorst #kpopdemonhunters,CuteVibes ,2025-09-11T19:00:53Z,TW,videos,2025-09-17,https://www.youtube.com/watch?v=v5hIeXLZims,6921826,42134,15,"#ai,#kpop,#funny,#shorst,#kpopdemonhunters",20
16,U-WOsIR07Gs,The poor kitten and the Transformer Bumblebee save goldfish!#shorts #ai #cat#funny#cartoon#animation,kitten Storys,2025-09-11T07:30:13Z,TW,videos,2025-09-17,https://www.youtube.com/watch?v=U-WOsIR07Gs,6892188,40999,15,,13
17,wWxFQtQ6cZw,‡§ö‡§ø‡§Ç‡§ü‡•Ç ‡§®‡•á ‡§™‡§æ‡§™‡§æ ‡§ï‡§æ ‡§ï‡•ã‡§≤‡•ç‡§°‡§°‡•ç‡§∞‡§ø‡§Ç‡§ï ‡§ö‡•Å‡§∞‡§æ‡§Ø‡§æ ü•µ | #viral #facts #shortvideo #ai,SHORTCUT RIXX,2025-09-12T13:12:44Z,TW,videos,2025-09-17,https://www.youtube.com/watch?v=wWxFQtQ6cZw,6686819,24767,1,"#viral,#facts,#shortvideo,#ai",8
18,Bl64UYjozwk,Indian IAS Officer Exposes Dowry Demand in a Wedding üí™‚ù§Ô∏è #ai #ias #shorts,Genius Feed,2025-09-10T12:12:12Z,TW,videos,2025-09-17,https://www.youtube.com/watch?v=Bl64UYjozwk,6589450,0,52,"#ai,#ias,#shorts",54
19,CzLYvJPkF-Q,Indian woman soldier saved all the passengers in the plane üò≠ #ai #army #airplane #save,ai short time ,2025-09-12T13:31:25Z,TW,videos,2025-09-17,https://www.youtube.com/watch?v=CzLYvJPkF-Q,6396854,63317,34,"#ai,#army,#airplane,#save",23
20,hcM-EnDI3O8,ÿßŸÑŸÇÿ∑Ÿá ŸÖŸäÿßŸà ÿ±ŸÖÿ™ ÿ®ÿ≥ÿ®Ÿàÿ≥ ŸÖŸÜ ÿßŸÑÿ∑Ÿäÿßÿ±Ÿá... #cat  #animation  #ai  #funny  #funnyvideo,Meowverse,2025-09-11T11:47:36Z,TW,videos,2025-09-17,https://www.youtube.com/watch?v=hcM-EnDI3O8,6193146,89826,470,"#cat,#animation,#ai,#funny,#funnyvideo",56
1,RM9-6FfZdgg,Shocking! The poor kitten has the Transformer !#shorts  #cat  #ai  #story  #kitten #autobots,kitten Storys,2025-09-14T06:15:03Z,TW,shorts,2025-09-17,https://www.youtube.com/watch?v=RM9-6FfZdgg,51408155,300055,106,,17
2,Kgnjwlgf32U,Indian Army officer Saved the Plane Passengers By Throwing the Unclaimed Bag#ai #army,kahani Buzz,2025-09-12T13:30:31Z,TW,shorts,2025-09-17,https://www.youtube.com/watch?v=Kgnjwlgf32U,36936667,691402,736,"#ai,#army",32
3,9Ixo2EgTlRE,The soldier saved passengers from aeroplane mid-air crisis! #ai #army #ytshorts,ETC BackLol Facts,2025-09-12T13:30:09Z,TW,shorts,2025-09-17,https://www.youtube.com/watch?v=9Ixo2EgTlRE,33010899,0,149,"#ai,#army,#ytshorts",20
4,DPq_GzN9hWU,‡§¨‡§ø‡§≤‡•ç‡§≤‡•Ç ‡§ï‡§æ ‡§Æ‡§ø‡§ï‡•ç‡§∏‡•Ä ‡§Æ‡•á‡§Ç ‡§¨‡§®‡§æ ‡§ú‡•Ç‡§∏ üôÄ#catsoftiktok‚Äã #cat‚Äã #cute‚Äã #aiart‚Äã #ai‚Äã #poorcat‚Äã #catlover‚Äã #fyp,Ankit üëë,2025-09-11T03:45:00Z,TW,shorts,2025-09-17,https://www.youtube.com/watch?v=DPq_GzN9hWU,26032162,0,51,"#catsoftiktok,#cat,#cute,#aiart,#ai,#poorcat,#catlover,#fyp,#top,#1million,#reels,#tiktok,#funny,#1m,#trend,#instagram,#shorts,#kitten,#wtf,#viral,#4,#relax,#spiderman,#philippines,#myanmar,#india,#mexico,#unitedstates,#cheating,#aicat,#cutecat,#4k,#catvelpictures,#cats,#catvel,#marvel",28
5,43mAAq1ErIY,"POV: You're fishing with your friends and a shark attacks one of them, he almost lost his life #ai",TREASURES OF THE OCEAN,2025-09-10T14:07:33Z,TW,shorts,2025-09-17,https://www.youtube.com/watch?v=43mAAq1ErIY,16919917,42280,180,#ai,11
6,IO01m122p1o,She Love's The Touch ‚ù§Ô∏è pt2 #viral #shorts #ai #aisareedivas,AI Saree Divas,2025-09-10T13:57:11Z,TW,shorts,2025-09-17,https://www.youtube.com/watch?v=IO01m122p1o,15023106,42928,138,"#viral,#shorts,#ai,#aisareedivas",6
7,nrhrkDHdX9E,so cute HAHA ¬©Ô∏èto the owner#ccto #eunwoo #ai  #youtube #youtubeshorts #trending #fyp„Ç∑„Çöviral #astro,Eunwoocheee Fan üí´,2025-09-10T11:06:49Z,TW,shorts,2025-09-17,https://www.youtube.com/watch?v=nrhrkDHdX9E,9092516,90320,1619,"#ccto,#eunwoo,#ai,#youtube,#youtubeshorts,#trending,#fyp,#astro",6
8,8-v2UNQWqhU,The soldier saved pilot from airplane disaster in air! #ai #army #ytshorts,ETC BackLol Facts,2025-09-13T13:30:09Z,TW,shorts,2025-09-17,https://www.youtube.com/watch?v=8-v2UNQWqhU,8449799,0,24,"#ai,#army,#ytshorts",21
9,99nepSPkgfo,Ph·∫ßn 166: Capy v√† ƒë√°m b·∫°n nh·∫£y h·ªì b∆°i #thientruongdaily #funny #ai #capybara,THI√äN TR∆Ø·ªúNG DAILY,2025-09-11T10:33:38Z,TW,shorts,2025-09-17,https://www.youtube.com/watch?v=99nepSPkgfo,7765613,24678,114,"#thientruongdaily,#funny,#ai,#capybara",8
10,Av45KO6wW4o,Real life Vs AI. Part 21,Jiemba Sands,2025-09-12T13:00:31Z,TW,shorts,2025-09-17,https://www.youtube.com/watch?v=Av45KO6wW4o,7626841,187599,470,"#ai,#vs,#reallife",20
11,SLjMh8r9SMo,Husky Puppy's Clever Call for Help! üê∂üëÄ Mom Saved!...#ai #rescue #wildlife #animals,Catoo Mission,2025-09-10T17:27:16Z,TW,shorts,2025-09-17,https://www.youtube.com/watch?v=SLjMh8r9SMo,6960510,15064,13,"#ai,#rescue,#wildlife,#animals",8
12,v5hIeXLZims,üò¢RUMI was rescued by Mira and Zoey after the incident. #ai #kpop #funny #shorst #kpopdemonhunters,CuteVibes ,2025-09-11T19:00:53Z,TW,shorts,2025-09-17,https://www.youtube.com/watch?v=v5hIeXLZims,6921826,42134,15,"#ai,#kpop,#funny,#shorst,#kpopdemonhunters",20
13,U-WOsIR07Gs,The poor kitten and the Transformer Bumblebee save goldfish!#shorts #ai #cat#funny#cartoon#animation,kitten Storys,2025-09-11T07:30:13Z,TW,shorts,2025-09-17,https://www.youtube.com/watch?v=U-WOsIR07Gs,6892188,40998,15,,13
14,wWxFQtQ6cZw,‡§ö‡§ø‡§Ç‡§ü‡•Ç ‡§®‡•á ‡§™‡§æ‡§™‡§æ ‡§ï‡§æ ‡§ï‡•ã‡§≤‡•ç‡§°‡§°‡•ç‡§∞‡§ø‡§Ç‡§ï ‡§ö‡•Å‡§∞‡§æ‡§Ø‡§æ ü•µ | #viral #facts #shortvideo #ai,SHORTCUT RIXX,2025-09-12T13:12:44Z,TW,shorts,2025-09-17,https://www.youtube.com/watch?v=wWxFQtQ6cZw,6686819,24767,1,"#viral,#facts,#shortvideo,#ai",8
15,Bl64UYjozwk,Indian IAS Officer Exposes Dowry Demand in a Wedding üí™‚ù§Ô∏è #ai #ias #shorts,Genius Feed,2025-09-10T12:12:12Z,TW,shorts,2025-09-17,https://www.youtube.com/watch?v=Bl64UYjozwk,6589450,0,52,"#ai,#ias,#shorts",54
16,CzLYvJPkF-Q,Indian woman soldier saved all the passengers in the plane üò≠ #ai #army #airplane #save,ai short time ,2025-09-12T13:31:25Z,TW,shorts,2025-09-17,https://www.youtube.com/watch?v=CzLYvJPkF-Q,6396854,63318,34,"#ai,#army,#airplane,#save",23
17,hcM-EnDI3O8,ÿßŸÑŸÇÿ∑Ÿá ŸÖŸäÿßŸà ÿ±ŸÖÿ™ ÿ®ÿ≥ÿ®Ÿàÿ≥ ŸÖŸÜ ÿßŸÑÿ∑Ÿäÿßÿ±Ÿá... #cat  #animation  #ai  #funny  #funnyvideo,Meowverse,2025-09-11T11:47:36Z,TW,shorts,2025-09-17,https://www.youtube.com/watch?v=hcM-EnDI3O8,6194958,89828,470,"#cat,#animation,#ai,#funny,#funnyvideo",56
18,EMVzz-k4oV0,AI Monkey vs Electric Hair Dryer #shorts,CrazyVers,2025-09-12T12:36:25Z,TW,shorts,2025-09-17,https://www.youtube.com/watch?v=EMVzz-k4oV0,5715138,35894,9,"#ai,#shorts,#funnymonkey,#bathroomdisaster,#viral",37
19,bxxtFn8wegs,Trending Instagram Viral Photo Editing | Google Gemini Viral Photo Editing | Ai photo Editing #ai‚Äã‚Äã,Manisha Editing 4u,2025-09-12T08:30:31Z,TW,shorts,2025-09-17,https://www.youtube.com/watch?v=bxxtFn8wegs,5375784,54406,1815,"#ai,#aiphotoediting,#miniature,#miniaturemotorcycle,#miniaturecor,#chatgpt,#gemini,#photoediting,#viralphotoediting,#viralphotographyshorts,#howtoeditphotoinmobile,#howtoeditphotos,#aiart,#aiediting,#tutorial,#youtubeshorts,#youtubetutorial,#latest2025,#apnatech21,#tech,#tips,#bananaai,#geminiaiphoto,#photomagic,#aicreations,#shortsai,#dailyshorts,#techshorts,#newupdate,#aitransformation",50
20,6WCuBENCt4Y,‡Æ§‡Æø‡Æ∞‡ØÅ‡ÆÆ‡Æ£ ‡Æ®‡Æø‡Æ≤‡Øà‡ÆÆ‡Øà #90skids #90sweddingstatusvideo #tamil #aivideo #ai #aibaby #babytalk #viralaivideos,  üåà #90sKids nostalgia,2025-09-11T02:46:18Z,TW,shorts,2025-09-17,https://www.youtube.com/watch?v=6WCuBENCt4Y,4738282,32449,63,"#90skids,#90sweddingstatusvideo,#tamil,#aivideo,#ai,#aibaby,#babytalk,#viralaivideos",9
1,U0FWS4Jrcbs,"Female cat making indian rice,turns out be a fatal game#ai #cat #funny #india #animation #catsnake",Mystery cat ,2025-09-10T15:27:37Z,US,videos,2025-09-17,https://www.youtube.com/watch?v=U0FWS4Jrcbs,96079554,953800,1300,"#ai,#cat,#funny,#india,#animation,#catsnake",65
2,_0NKbP6rl_Y,carelessness during meat chopping turn into life time sorrow #ai #cat #funny #animation #india,Mystery cat ,2025-09-11T16:07:52Z,US,videos,2025-09-17,https://www.youtube.com/watch?v=_0NKbP6rl_Y,81013227,915414,1406,"#ai,#cat,#funny,#animation,#india",63
3,RM9-6FfZdgg,Shocking! The poor kitten has the Transformer !#shorts  #cat  #ai  #story  #kitten #autobots,kitten Storys,2025-09-14T06:15:03Z,US,videos,2025-09-17,https://www.youtube.com/watch?v=RM9-6FfZdgg,51408155,300055,106,,17
4,Kgnjwlgf32U,Indian Army officer Saved the Plane Passengers By Throwing the Unclaimed Bag#ai #army,kahani Buzz,2025-09-12T13:30:31Z,US,videos,2025-09-17,https://www.youtube.com/watch?v=Kgnjwlgf32U,36948642,691410,736,"#ai,#army",32
5,9Ixo2EgTlRE,The soldier saved passengers from aeroplane mid-air crisis! #ai #army #ytshorts,ETC BackLol Facts,2025-09-12T13:30:09Z,US,videos,2025-09-17,https://www.youtube.com/watch?v=9Ixo2EgTlRE,33010899,0,149,"#ai,#army,#ytshorts",20
6,DPq_GzN9hWU,‡§¨‡§ø‡§≤‡•ç‡§≤‡•Ç ‡§ï‡§æ ‡§Æ‡§ø‡§ï‡•ç‡§∏‡•Ä ‡§Æ‡•á‡§Ç ‡§¨‡§®‡§æ ‡§ú‡•Ç‡§∏ üôÄ#catsoftiktok‚Äã #cat‚Äã #cute‚Äã #aiart‚Äã #ai‚Äã #poorcat‚Äã #catlover‚Äã #fyp,Ankit üëë,2025-09-11T03:45:00Z,US,videos,2025-09-17,https://www.youtube.com/watch?v=DPq_GzN9hWU,26035500,0,51,"#catsoftiktok,#cat,#cute,#aiart,#ai,#poorcat,#catlover,#fyp,#top,#1million,#reels,#tiktok,#funny,#1m,#trend,#instagram,#shorts,#kitten,#wtf,#viral,#4,#relax,#spiderman,#philippines,#myanmar,#india,#mexico,#unitedstates,#cheating,#aicat,#cutecat,#4k,#catvelpictures,#cats,#catvel,#marvel",28
7,IO01m122p1o,She Love's The Touch ‚ù§Ô∏è pt2 #viral #shorts #ai #aisareedivas,AI Saree Divas,2025-09-10T13:57:11Z,US,videos,2025-09-17,https://www.youtube.com/watch?v=IO01m122p1o,15023106,42928,138,"#viral,#shorts,#ai,#aisareedivas",6
8,nrhrkDHdX9E,so cute HAHA ¬©Ô∏èto the owner#ccto #eunwoo #ai  #youtube #youtubeshorts #trending #fyp„Ç∑„Çöviral #astro,Eunwoocheee Fan üí´,2025-09-10T11:06:49Z,US,videos,2025-09-17,https://www.youtube.com/watch?v=nrhrkDHdX9E,9092516,90320,1619,"#ccto,#eunwoo,#ai,#youtube,#youtubeshorts,#trending,#fyp,#astro",6
9,8-v2UNQWqhU,The soldier saved pilot from airplane disaster in air! #ai #army #ytshorts,ETC BackLol Facts,2025-09-13T13:30:09Z,US,videos,2025-09-17,https://www.youtube.com/watch?v=8-v2UNQWqhU,8449799,0,24,"#ai,#army,#ytshorts",21
10,99nepSPkgfo,Ph·∫ßn 166: Capy v√† ƒë√°m b·∫°n nh·∫£y h·ªì b∆°i #thientruongdaily #funny #ai #capybara,THI√äN TR∆Ø·ªúNG DAILY,2025-09-11T10:33:38Z,US,videos,2025-09-17,https://www.youtube.com/watch?v=99nepSPkgfo,7765613,24678,114,"#thientruongdaily,#funny,#ai,#capybara",8
11,Av45KO6wW4o,Real life Vs AI. Part 21,Jiemba Sands,2025-09-12T13:00:31Z,US,videos,2025-09-17,https://www.youtube.com/watch?v=Av45KO6wW4o,7626841,187597,470,"#ai,#vs,#reallife",20
12,SLjMh8r9SMo,Husky Puppy's Clever Call for Help! üê∂üëÄ Mom Saved!...#ai #rescue #wildlife #animals,Catoo Mission,2025-09-10T17:27:16Z,US,videos,2025-09-17,https://www.youtube.com/watch?v=SLjMh8r9SMo,6960510,15063,13,"#ai,#rescue,#wildlife,#animals",8
13,v5hIeXLZims,üò¢RUMI was rescued by Mira and Zoey after the incident. #ai #kpop #funny #shorst #kpopdemonhunters,CuteVibes ,2025-09-11T19:00:53Z,US,videos,2025-09-17,https://www.youtube.com/watch?v=v5hIeXLZims,6921826,42136,15,"#ai,#kpop,#funny,#shorst,#kpopdemonhunters",20
14,U-WOsIR07Gs,The poor kitten and the Transformer Bumblebee save goldfish!#shorts #ai #cat#funny#cartoon#animation,kitten Storys,2025-09-11T07:30:13Z,US,videos,2025-09-17,https://www.youtube.com/watch?v=U-WOsIR07Gs,6892188,40998,15,,13
15,wWxFQtQ6cZw,‡§ö‡§ø‡§Ç‡§ü‡•Ç ‡§®‡•á ‡§™‡§æ‡§™‡§æ ‡§ï‡§æ ‡§ï‡•ã‡§≤‡•ç‡§°‡§°‡•ç‡§∞‡§ø‡§Ç‡§ï ‡§ö‡•Å‡§∞‡§æ‡§Ø‡§æ ü•µ | #viral #facts #shortvideo #ai,SHORTCUT RIXX,2025-09-12T13:12:44Z,US,videos,2025-09-17,https://www.youtube.com/watch?v=wWxFQtQ6cZw,6686819,24767,1,"#viral,#facts,#shortvideo,#ai",8
16,Bl64UYjozwk,Indian IAS Officer Exposes Dowry Demand in a Wedding üí™‚ù§Ô∏è #ai #ias #shorts,Genius Feed,2025-09-10T12:12:12Z,US,videos,2025-09-17,https://www.youtube.com/watch?v=Bl64UYjozwk,6589450,0,52,"#ai,#ias,#shorts",54
17,CzLYvJPkF-Q,Indian woman soldier saved all the passengers in the plane üò≠ #ai #army #airplane #save,ai short time ,2025-09-12T13:31:25Z,US,videos,2025-09-17,https://www.youtube.com/watch?v=CzLYvJPkF-Q,6396854,63326,34,"#ai,#army,#airplane,#save",23
18,hcM-EnDI3O8,ÿßŸÑŸÇÿ∑Ÿá ŸÖŸäÿßŸà ÿ±ŸÖÿ™ ÿ®ÿ≥ÿ®Ÿàÿ≥ ŸÖŸÜ ÿßŸÑÿ∑Ÿäÿßÿ±Ÿá... #cat  #animation  #ai  #funny  #funnyvideo,Meowverse,2025-09-11T11:47:36Z,US,videos,2025-09-17,https://www.youtube.com/watch?v=hcM-EnDI3O8,6194958,89828,470,"#cat,#animation,#ai,#funny,#funnyvideo",56
19,EMVzz-k4oV0,AI Monkey vs Electric Hair Dryer #shorts,CrazyVers,2025-09-12T12:36:25Z,US,videos,2025-09-17,https://www.youtube.com/watch?v=EMVzz-k4oV0,5715138,35894,9,"#ai,#shorts,#funnymonkey,#bathroomdisaster,#viral",37
20,qxRUcnUj0M8,Apple AI vs Galaxy AI Comparison #AppleAI #GalaxyAI #tech #smartphones #AI #Apple #Samsung #review,Custom Adventurist,2025-09-12T02:40:53Z,US,videos,2025-09-17,https://www.youtube.com/watch?v=qxRUcnUj0M8,5537118,105590,1743,,63
1,RM9-6FfZdgg,Shocking! The poor kitten has the Transformer !#shorts  #cat  #ai  #story  #kitten #autobots,kitten Storys,2025-09-14T06:15:03Z,US,shorts,2025-09-17,https://www.youtube.com/watch?v=RM9-6FfZdgg,51417963,300059,106,,17
2,Kgnjwlgf32U,Indian Army officer Saved the Plane Passengers By Throwing the Unclaimed Bag#ai #army,kahani Buzz,2025-09-12T13:30:31Z,US,shorts,2025-09-17,https://www.youtube.com/watch?v=Kgnjwlgf32U,36948642,691422,736,"#ai,#army",32
3,9Ixo2EgTlRE,The soldier saved passengers from aeroplane mid-air crisis! #ai #army #ytshorts,ETC BackLol Facts,2025-09-12T13:30:09Z,US,shorts,2025-09-17,https://www.youtube.com/watch?v=9Ixo2EgTlRE,33010899,0,149,"#ai,#army,#ytshorts",20
4,DPq_GzN9hWU,‡§¨‡§ø‡§≤‡•ç‡§≤‡•Ç ‡§ï‡§æ ‡§Æ‡§ø‡§ï‡•ç‡§∏‡•Ä ‡§Æ‡•á‡§Ç ‡§¨‡§®‡§æ ‡§ú‡•Ç‡§∏ üôÄ#catsoftiktok‚Äã #cat‚Äã #cute‚Äã #aiart‚Äã #ai‚Äã #poorcat‚Äã #catlover‚Äã #fyp,Ankit üëë,2025-09-11T03:45:00Z,US,shorts,2025-09-17,https://www.youtube.com/watch?v=DPq_GzN9hWU,26035500,0,51,"#catsoftiktok,#cat,#cute,#aiart,#ai,#poorcat,#catlover,#fyp,#top,#1million,#reels,#tiktok,#funny,#1m,#trend,#instagram,#shorts,#kitten,#wtf,#viral,#4,#relax,#spiderman,#philippines,#myanmar,#india,#mexico,#unitedstates,#cheating,#aicat,#cutecat,#4k,#catvelpictures,#cats,#catvel,#marvel",28
5,IO01m122p1o,She Love's The Touch ‚ù§Ô∏è pt2 #viral #shorts #ai #aisareedivas,AI Saree Divas,2025-09-10T13:57:11Z,US,shorts,2025-09-17,https://www.youtube.com/watch?v=IO01m122p1o,15023106,42927,138,"#viral,#shorts,#ai,#aisareedivas",6
6,8-v2UNQWqhU,The soldier saved pilot from airplane disaster in air! #ai #army #ytshorts,ETC BackLol Facts,2025-09-13T13:30:09Z,US,shorts,2025-09-17,https://www.youtube.com/watch?v=8-v2UNQWqhU,8449799,0,24,"#ai,#army,#ytshorts",21
7,99nepSPkgfo,Ph·∫ßn 166: Capy v√† ƒë√°m b·∫°n nh·∫£y h·ªì b∆°i #thientruongdaily #funny #ai #capybara,THI√äN TR∆Ø·ªúNG DAILY,2025-09-11T10:33:38Z,US,shorts,2025-09-17,https://www.youtube.com/watch?v=99nepSPkgfo,7765613,24679,114,"#thientruongdaily,#funny,#ai,#capybara",8
8,Av45KO6wW4o,Real life Vs AI. Part 21,Jiemba Sands,2025-09-12T13:00:31Z,US,shorts,2025-09-17,https://www.youtube.com/watch?v=Av45KO6wW4o,7626841,187596,470,"#ai,#vs,#reallife",20
9,SLjMh8r9SMo,Husky Puppy's Clever Call for Help! üê∂üëÄ Mom Saved!...#ai #rescue #wildlife #animals,Catoo Mission,2025-09-10T17:27:16Z,US,shorts,2025-09-17,https://www.youtube.com/watch?v=SLjMh8r9SMo,6960510,15063,13,"#ai,#rescue,#wildlife,#animals",8
10,v5hIeXLZims,üò¢RUMI was rescued by Mira and Zoey after the incident. #ai #kpop #funny #shorst #kpopdemonhunters,CuteVibes ,2025-09-11T19:00:53Z,US,shorts,2025-09-17,https://www.youtube.com/watch?v=v5hIeXLZims,6921826,42141,15,"#ai,#kpop,#funny,#shorst,#kpopdemonhunters",20
11,U-WOsIR07Gs,The poor kitten and the Transformer Bumblebee save goldfish!#shorts #ai #cat#funny#cartoon#animation,kitten Storys,2025-09-11T07:30:13Z,US,shorts,2025-09-17,https://www.youtube.com/watch?v=U-WOsIR07Gs,6892188,41001,15,,13
12,wWxFQtQ6cZw,‡§ö‡§ø‡§Ç‡§ü‡•Ç ‡§®‡•á ‡§™‡§æ‡§™‡§æ ‡§ï‡§æ ‡§ï‡•ã‡§≤‡•ç‡§°‡§°‡•ç‡§∞‡§ø‡§Ç‡§ï ‡§ö‡•Å‡§∞‡§æ‡§Ø‡§æ ü•µ | #viral #facts #shortvideo #ai,SHORTCUT RIXX,2025-09-12T13:12:44Z,US,shorts,2025-09-17,https://www.youtube.com/watch?v=wWxFQtQ6cZw,6686819,24766,1,"#viral,#facts,#shortvideo,#ai",8
13,Bl64UYjozwk,Indian IAS Officer Exposes Dowry Demand in a Wedding üí™‚ù§Ô∏è #ai #ias #shorts,Genius Feed,2025-09-10T12:12:12Z,US,shorts,2025-09-17,https://www.youtube.com/watch?v=Bl64UYjozwk,6589450,0,52,"#ai,#ias,#shorts",54
14,CzLYvJPkF-Q,Indian woman soldier saved all the passengers in the plane üò≠ #ai #army #airplane #save,ai short time ,2025-09-12T13:31:25Z,US,shorts,2025-09-17,https://www.youtube.com/watch?v=CzLYvJPkF-Q,6396854,63336,34,"#ai,#army,#airplane,#save",23
15,hcM-EnDI3O8,ÿßŸÑŸÇÿ∑Ÿá ŸÖŸäÿßŸà ÿ±ŸÖÿ™ ÿ®ÿ≥ÿ®Ÿàÿ≥ ŸÖŸÜ ÿßŸÑÿ∑Ÿäÿßÿ±Ÿá... #cat  #animation  #ai  #funny  #funnyvideo,Meowverse,2025-09-11T11:47:36Z,US,shorts,2025-09-17,https://www.youtube.com/watch?v=hcM-EnDI3O8,6194958,89828,470,"#cat,#animation,#ai,#funny,#funnyvideo",56
16,EMVzz-k4oV0,AI Monkey vs Electric Hair Dryer #shorts,CrazyVers,2025-09-12T12:36:25Z,US,shorts,2025-09-17,https://www.youtube.com/watch?v=EMVzz-k4oV0,5715138,35897,9,"#ai,#shorts,#funnymonkey,#bathroomdisaster,#viral",37
17,bxxtFn8wegs,Trending Instagram Viral Photo Editing | Google Gemini Viral Photo Editing | Ai photo Editing #ai‚Äã‚Äã,Manisha Editing 4u,2025-09-12T08:30:31Z,US,shorts,2025-09-17,https://www.youtube.com/watch?v=bxxtFn8wegs,5375784,54406,1815,"#ai,#aiphotoediting,#miniature,#miniaturemotorcycle,#miniaturecor,#chatgpt,#gemini,#photoediting,#viralphotoediting,#viralphotographyshorts,#howtoeditphotoinmobile,#howtoeditphotos,#aiart,#aiediting,#tutorial,#youtubeshorts,#youtubetutorial,#latest2025,#apnatech21,#tech,#tips,#bananaai,#geminiaiphoto,#photomagic,#aicreations,#shortsai,#dailyshorts,#techshorts,#newupdate,#aitransformation",50
18,6WCuBENCt4Y,‡Æ§‡Æø‡Æ∞‡ØÅ‡ÆÆ‡Æ£ ‡Æ®‡Æø‡Æ≤‡Øà‡ÆÆ‡Øà #90skids #90sweddingstatusvideo #tamil #aivideo #ai #aibaby #babytalk #viralaivideos,  üåà #90sKids nostalgia,2025-09-11T02:46:18Z,US,shorts,2025-09-17,https://www.youtube.com/watch?v=6WCuBENCt4Y,4738282,32446,63,"#90skids,#90sweddingstatusvideo,#tamil,#aivideo,#ai,#aibaby,#babytalk,#viralaivideos",9
19,PvwKXzVYxBo,üë∂ Baby Demands Upgrade from Parents! ü§Ø #trending #baby #ai #babyinhospital #shorts #viral,Soft Shock,2025-09-10T22:00:29Z,US,shorts,2025-09-17,https://www.youtube.com/watch?v=PvwKXzVYxBo,4357638,15358,9,"#trending,#baby,#ai,#babyinhospital,#shorts,#viral",8
20,_b7DwwIGbdM,Flavorful Soy Sauce Dispenser Robot #futuristic #robot #technology #humanoid #soysauce #sushi #AI,LOLgpt,2025-09-13T20:55:30Z,US,shorts,2025-09-17,https://www.youtube.com/watch?v=_b7DwwIGbdM,3844713,18842,10,"#soysaucerobot,#richsoysauce,#foodtech,#futureoffood,#cookingrobot,#robotchef,#asmrpouring,#foodsatisfying,#foodierobot,#sushilovers,#kitchenrobot,#dispenserrobot,#foodautomation,#viralshorts,#satisfyingfood,#nodialogue,#oddlysatisfying,#robotbarista,#cleanenergyrobot,#aiinreallife,#breakfastrobot,#shortsvideo,#aieverywhere,#hightechlife,#robotgirl,#relaxingvideo,#satisfyingshorts,#futurevibes,#robotics2025,#soysaucemachine,#robotbartender",12
1,U0FWS4Jrcbs,"Female cat making indian rice,turns out be a fatal game#ai #cat #funny #india #animation #catsnake",Mystery cat ,2025-09-10T15:27:37Z,IN,videos,2025-09-17,https://www.youtube.com/watch?v=U0FWS4Jrcbs,96079554,953813,1300,"#ai,#cat,#funny,#india,#animation,#catsnake",65
2,_0NKbP6rl_Y,carelessness during meat chopping turn into life time sorrow #ai #cat #funny #animation #india,Mystery cat ,2025-09-11T16:07:52Z,IN,videos,2025-09-17,https://www.youtube.com/watch?v=_0NKbP6rl_Y,81013611,915414,1406,"#ai,#cat,#funny,#animation,#india",63
3,RM9-6FfZdgg,Shocking! The poor kitten has the Transformer !#shorts  #cat  #ai  #story  #kitten #autobots,kitten Storys,2025-09-14T06:15:03Z,IN,videos,2025-09-17,https://www.youtube.com/watch?v=RM9-6FfZdgg,51417963,300067,106,,17
4,Kgnjwlgf32U,Indian Army officer Saved the Plane Passengers By Throwing the Unclaimed Bag#ai #army,kahani Buzz,2025-09-12T13:30:31Z,IN,videos,2025-09-17,https://www.youtube.com/watch?v=Kgnjwlgf32U,36948642,691422,736,"#ai,#army",32
5,9Ixo2EgTlRE,The soldier saved passengers from aeroplane mid-air crisis! #ai #army #ytshorts,ETC BackLol Facts,2025-09-12T13:30:09Z,IN,videos,2025-09-17,https://www.youtube.com/watch?v=9Ixo2EgTlRE,33010899,0,149,"#ai,#army,#ytshorts",20
6,DPq_GzN9hWU,‡§¨‡§ø‡§≤‡•ç‡§≤‡•Ç ‡§ï‡§æ ‡§Æ‡§ø‡§ï‡•ç‡§∏‡•Ä ‡§Æ‡•á‡§Ç ‡§¨‡§®‡§æ ‡§ú‡•Ç‡§∏ üôÄ#catsoftiktok‚Äã #cat‚Äã #cute‚Äã #aiart‚Äã #ai‚Äã #poorcat‚Äã #catlover‚Äã #fyp,Ankit üëë,2025-09-11T03:45:00Z,IN,videos,2025-09-17,https://www.youtube.com/watch?v=DPq_GzN9hWU,26039568,0,51,"#catsoftiktok,#cat,#cute,#aiart,#ai,#poorcat,#catlover,#fyp,#top,#1million,#reels,#tiktok,#funny,#1m,#trend,#instagram,#shorts,#kitten,#wtf,#viral,#4,#relax,#spiderman,#philippines,#myanmar,#india,#mexico,#unitedstates,#cheating,#aicat,#cutecat,#4k,#catvelpictures,#cats,#catvel,#marvel",28
7,IO01m122p1o,She Love's The Touch ‚ù§Ô∏è pt2 #viral #shorts #ai #aisareedivas,AI Saree Divas,2025-09-10T13:57:11Z,IN,videos,2025-09-17,https://www.youtube.com/watch?v=IO01m122p1o,15023106,42928,138,"#viral,#shorts,#ai,#aisareedivas",6
8,nrhrkDHdX9E,so cute HAHA ¬©Ô∏èto the owner#ccto #eunwoo #ai  #youtube #youtubeshorts #trending #fyp„Ç∑„Çöviral #astro,Eunwoocheee Fan üí´,2025-09-10T11:06:49Z,IN,videos,2025-09-17,https://www.youtube.com/watch?v=nrhrkDHdX9E,9092516,90318,1619,"#ccto,#eunwoo,#ai,#youtube,#youtubeshorts,#trending,#fyp,#astro",6
9,ScKRvuDUd2Y,‡§Æ‡§æ‡§Ç ‡§ï‡•ã ‡§ö‡§æ‡§π‡§ø‡§è ‡§•‡•Ä ‡§µ‡•â‡§∂‡§ø‡§Ç‡§ó ‡§Æ‡§∂‡•Ä‡§®‚Ä¶ Hulk ‡§â‡§†‡§æ ‡§≤‡§æ‡§Ø‡§æ ‡§π‡§æ‡§•‡•Ä üòÇ‡§´‡§ø‡§∞ ‡§ú‡•ã ‡§π‡•Å‡§Ü #ai #hulk #hulksmash #hulkbuster #shorts,Chotubot Ai,2025-09-10T13:30:22Z,IN,videos,2025-09-17,https://www.youtube.com/watch?v=ScKRvuDUd2Y,8766304,133342,51,"#ai,#hulk,#hulksmash,#hulkbuster,#shorts,#aivlog",73
10,8-v2UNQWqhU,The soldier saved pilot from airplane disaster in air! #ai #army #ytshorts,ETC BackLol Facts,2025-09-13T13:30:09Z,IN,videos,2025-09-17,https://www.youtube.com/watch?v=8-v2UNQWqhU,8449799,0,24,"#ai,#army,#ytshorts",21
11,99nepSPkgfo,Ph·∫ßn 166: Capy v√† ƒë√°m b·∫°n nh·∫£y h·ªì b∆°i #thientruongdaily #funny #ai #capybara,THI√äN TR∆Ø·ªúNG DAILY,2025-09-11T10:33:38Z,IN,videos,2025-09-17,https://www.youtube.com/watch?v=99nepSPkgfo,7765613,24679,114,"#thientruongdaily,#funny,#ai,#capybara",8
12,Av45KO6wW4o,Real life Vs AI. Part 21,Jiemba Sands,2025-09-12T13:00:31Z,IN,videos,2025-09-17,https://www.youtube.com/watch?v=Av45KO6wW4o,7626841,187596,470,"#ai,#vs,#reallife",20
13,SLjMh8r9SMo,Husky Puppy's Clever Call for Help! üê∂üëÄ Mom Saved!...#ai #rescue #wildlife #animals,Catoo Mission,2025-09-10T17:27:16Z,IN,videos,2025-09-17,https://www.youtube.com/watch?v=SLjMh8r9SMo,6960510,15062,13,"#ai,#rescue,#wildlife,#animals",8
14,v5hIeXLZims,üò¢RUMI was rescued by Mira and Zoey after the incident. #ai #kpop #funny #shorst #kpopdemonhunters,CuteVibes ,2025-09-11T19:00:53Z,IN,videos,2025-09-17,https://www.youtube.com/watch?v=v5hIeXLZims,6921826,42141,15,"#ai,#kpop,#funny,#shorst,#kpopdemonhunters",20
15,U-WOsIR07Gs,The poor kitten and the Transformer Bumblebee save goldfish!#shorts #ai #cat#funny#cartoon#animation,kitten Storys,2025-09-11T07:30:13Z,IN,videos,2025-09-17,https://www.youtube.com/watch?v=U-WOsIR07Gs,6892188,41002,15,,13
16,wWxFQtQ6cZw,‡§ö‡§ø‡§Ç‡§ü‡•Ç ‡§®‡•á ‡§™‡§æ‡§™‡§æ ‡§ï‡§æ ‡§ï‡•ã‡§≤‡•ç‡§°‡§°‡•ç‡§∞‡§ø‡§Ç‡§ï ‡§ö‡•Å‡§∞‡§æ‡§Ø‡§æ ü•µ | #viral #facts #shortvideo #ai,SHORTCUT RIXX,2025-09-12T13:12:44Z,IN,videos,2025-09-17,https://www.youtube.com/watch?v=wWxFQtQ6cZw,6686819,24766,1,"#viral,#facts,#shortvideo,#ai",8
17,Bl64UYjozwk,Indian IAS Officer Exposes Dowry Demand in a Wedding üí™‚ù§Ô∏è #ai #ias #shorts,Genius Feed,2025-09-10T12:12:12Z,IN,videos,2025-09-17,https://www.youtube.com/watch?v=Bl64UYjozwk,6589450,0,52,"#ai,#ias,#shorts",54
18,CzLYvJPkF-Q,Indian woman soldier saved all the passengers in the plane üò≠ #ai #army #airplane #save,ai short time ,2025-09-12T13:31:25Z,IN,videos,2025-09-17,https://www.youtube.com/watch?v=CzLYvJPkF-Q,6396854,63336,34,"#ai,#army,#airplane,#save",23
19,hcM-EnDI3O8,ÿßŸÑŸÇÿ∑Ÿá ŸÖŸäÿßŸà ÿ±ŸÖÿ™ ÿ®ÿ≥ÿ®Ÿàÿ≥ ŸÖŸÜ ÿßŸÑÿ∑Ÿäÿßÿ±Ÿá... #cat  #animation  #ai  #funny  #funnyvideo,Meowverse,2025-09-11T11:47:36Z,IN,videos,2025-09-17,https://www.youtube.com/watch?v=hcM-EnDI3O8,6194958,89829,470,"#cat,#animation,#ai,#funny,#funnyvideo",56
20,0ILEtXNApnM,‡§ï‡§ø‡§§‡§®‡•Ä ‡§Æ‡§õ‡§≤‡•Ä ‡§™‡§ï‡§°‡§º‡•Äü´®~mini wood toy /wood workingart skill/ wood /hand crafts #shorts #shortsfeed #viral,Gabri Funga,2025-09-10T15:36:12Z,IN,videos,2025-09-17,https://www.youtube.com/watch?v=0ILEtXNApnM,5720796,0,3,"#shorts,#shortsfeed,#viral,#ai,#trending,#viralshorts,#funny,#comedy,#aishorts,#aistory,#shortvideo,#new,#comedynew,#mrdeepakkfactas,#mrbeastshorts,#mrtechsaurabh,#trendingvideo,#short",9
1,RM9-6FfZdgg,Shocking! The poor kitten has the Transformer !#shorts  #cat  #ai  #story  #kitten #autobots,kitten Storys,2025-09-14T06:15:03Z,IN,shorts,2025-09-17,https://www.youtube.com/watch?v=RM9-6FfZdgg,51417963,300067,106,,17
2,Kgnjwlgf32U,Indian Army officer Saved the Plane Passengers By Throwing the Unclaimed Bag#ai #army,kahani Buzz,2025-09-12T13:30:31Z,IN,shorts,2025-09-17,https://www.youtube.com/watch?v=Kgnjwlgf32U,36949900,691438,736,"#ai,#army",32
3,9Ixo2EgTlRE,The soldier saved passengers from aeroplane mid-air crisis! #ai #army #ytshorts,ETC BackLol Facts,2025-09-12T13:30:09Z,IN,shorts,2025-09-17,https://www.youtube.com/watch?v=9Ixo2EgTlRE,33010899,0,149,"#ai,#army,#ytshorts",20
4,DPq_GzN9hWU,‡§¨‡§ø‡§≤‡•ç‡§≤‡•Ç ‡§ï‡§æ ‡§Æ‡§ø‡§ï‡•ç‡§∏‡•Ä ‡§Æ‡•á‡§Ç ‡§¨‡§®‡§æ ‡§ú‡•Ç‡§∏ üôÄ#catsoftiktok‚Äã #cat‚Äã #cute‚Äã #aiart‚Äã #ai‚Äã #poorcat‚Äã #catlover‚Äã #fyp,Ankit üëë,2025-09-11T03:45:00Z,IN,shorts,2025-09-17,https://www.youtube.com/watch?v=DPq_GzN9hWU,26039903,0,51,"#catsoftiktok,#cat,#cute,#aiart,#ai,#poorcat,#catlover,#fyp,#top,#1million,#reels,#tiktok,#funny,#1m,#trend,#instagram,#shorts,#kitten,#wtf,#viral,#4,#relax,#spiderman,#philippines,#myanmar,#india,#mexico,#unitedstates,#cheating,#aicat,#cutecat,#4k,#catvelpictures,#cats,#catvel,#marvel",28
5,IO01m122p1o,She Love's The Touch ‚ù§Ô∏è pt2 #viral #shorts #ai #aisareedivas,AI Saree Divas,2025-09-10T13:57:11Z,IN,shorts,2025-09-17,https://www.youtube.com/watch?v=IO01m122p1o,15023106,42928,138,"#viral,#shorts,#ai,#aisareedivas",6
6,nrhrkDHdX9E,so cute HAHA ¬©Ô∏èto the owner#ccto #eunwoo #ai  #youtube #youtubeshorts #trending #fyp„Ç∑„Çöviral #astro,Eunwoocheee Fan üí´,2025-09-10T11:06:49Z,IN,shorts,2025-09-17,https://www.youtube.com/watch?v=nrhrkDHdX9E,9092577,90318,1619,"#ccto,#eunwoo,#ai,#youtube,#youtubeshorts,#trending,#fyp,#astro",6
7,8-v2UNQWqhU,The soldier saved pilot from airplane disaster in air! #ai #army #ytshorts,ETC BackLol Facts,2025-09-13T13:30:09Z,IN,shorts,2025-09-17,https://www.youtube.com/watch?v=8-v2UNQWqhU,8449799,0,24,"#ai,#army,#ytshorts",21
8,99nepSPkgfo,Ph·∫ßn 166: Capy v√† ƒë√°m b·∫°n nh·∫£y h·ªì b∆°i #thientruongdaily #funny #ai #capybara,THI√äN TR∆Ø·ªúNG DAILY,2025-09-11T10:33:38Z,IN,shorts,2025-09-17,https://www.youtube.com/watch?v=99nepSPkgfo,7765613,24679,114,"#thientruongdaily,#funny,#ai,#capybara",8
9,Av45KO6wW4o,Real life Vs AI. Part 21,Jiemba Sands,2025-09-12T13:00:31Z,IN,shorts,2025-09-17,https://www.youtube.com/watch?v=Av45KO6wW4o,7626841,187597,470,"#ai,#vs,#reallife",20
10,SLjMh8r9SMo,Husky Puppy's Clever Call for Help! üê∂üëÄ Mom Saved!...#ai #rescue #wildlife #animals,Catoo Mission,2025-09-10T17:27:16Z,IN,shorts,2025-09-17,https://www.youtube.com/watch?v=SLjMh8r9SMo,6960510,15062,13,"#ai,#rescue,#wildlife,#animals",8
11,v5hIeXLZims,üò¢RUMI was rescued by Mira and Zoey after the incident. #ai #kpop #funny #shorst #kpopdemonhunters,CuteVibes ,2025-09-11T19:00:53Z,IN,shorts,2025-09-17,https://www.youtube.com/watch?v=v5hIeXLZims,6921826,42142,15,"#ai,#kpop,#funny,#shorst,#kpopdemonhunters",20
12,U-WOsIR07Gs,The poor kitten and the Transformer Bumblebee save goldfish!#shorts #ai #cat#funny#cartoon#animation,kitten Storys,2025-09-11T07:30:13Z,IN,shorts,2025-09-17,https://www.youtube.com/watch?v=U-WOsIR07Gs,6892188,41002,15,,13
13,wWxFQtQ6cZw,‡§ö‡§ø‡§Ç‡§ü‡•Ç ‡§®‡•á ‡§™‡§æ‡§™‡§æ ‡§ï‡§æ ‡§ï‡•ã‡§≤‡•ç‡§°‡§°‡•ç‡§∞‡§ø‡§Ç‡§ï ‡§ö‡•Å‡§∞‡§æ‡§Ø‡§æ ü•µ | #viral #facts #shortvideo #ai,SHORTCUT RIXX,2025-09-12T13:12:44Z,IN,shorts,2025-09-17,https://www.youtube.com/watch?v=wWxFQtQ6cZw,6686819,24766,1,"#viral,#facts,#shortvideo,#ai",8
14,Bl64UYjozwk,Indian IAS Officer Exposes Dowry Demand in a Wedding üí™‚ù§Ô∏è #ai #ias #shorts,Genius Feed,2025-09-10T12:12:12Z,IN,shorts,2025-09-17,https://www.youtube.com/watch?v=Bl64UYjozwk,6589450,0,52,"#ai,#ias,#shorts",54
15,CzLYvJPkF-Q,Indian woman soldier saved all the passengers in the plane üò≠ #ai #army #airplane #save,ai short time ,2025-09-12T13:31:25Z,IN,shorts,2025-09-17,https://www.youtube.com/watch?v=CzLYvJPkF-Q,6396854,63343,34,"#ai,#army,#airplane,#save",23
16,hcM-EnDI3O8,ÿßŸÑŸÇÿ∑Ÿá ŸÖŸäÿßŸà ÿ±ŸÖÿ™ ÿ®ÿ≥ÿ®Ÿàÿ≥ ŸÖŸÜ ÿßŸÑÿ∑Ÿäÿßÿ±Ÿá... #cat  #animation  #ai  #funny  #funnyvideo,Meowverse,2025-09-11T11:47:36Z,IN,shorts,2025-09-17,https://www.youtube.com/watch?v=hcM-EnDI3O8,6194958,89830,470,"#cat,#animation,#ai,#funny,#funnyvideo",56
17,0ILEtXNApnM,‡§ï‡§ø‡§§‡§®‡•Ä ‡§Æ‡§õ‡§≤‡•Ä ‡§™‡§ï‡§°‡§º‡•Äü´®~mini wood toy /wood workingart skill/ wood /hand crafts #shorts #shortsfeed #viral,Gabri Funga,2025-09-10T15:36:12Z,IN,shorts,2025-09-17,https://www.youtube.com/watch?v=0ILEtXNApnM,5720796,0,3,"#shorts,#shortsfeed,#viral,#ai,#trending,#viralshorts,#funny,#comedy,#aishorts,#aistory,#shortvideo,#new,#comedynew,#mrdeepakkfactas,#mrbeastshorts,#mrtechsaurabh,#trendingvideo,#short",9
18,EMVzz-k4oV0,AI Monkey vs Electric Hair Dryer #shorts,CrazyVers,2025-09-12T12:36:25Z,IN,shorts,2025-09-17,https://www.youtube.com/watch?v=EMVzz-k4oV0,5715138,35898,9,"#ai,#shorts,#funnymonkey,#bathroomdisaster,#viral",37
19,bxxtFn8wegs,Trending Instagram Viral Photo Editing | Google Gemini Viral Photo Editing | Ai photo Editing #ai‚Äã‚Äã,Manisha Editing 4u,2025-09-12T08:30:31Z,IN,shorts,2025-09-17,https://www.youtube.com/watch?v=bxxtFn8wegs,5375784,54406,1815,"#ai,#aiphotoediting,#miniature,#miniaturemotorcycle,#miniaturecor,#chatgpt,#gemini,#photoediting,#viralphotoediting,#viralphotographyshorts,#howtoeditphotoinmobile,#howtoeditphotos,#aiart,#aiediting,#tutorial,#youtubeshorts,#youtubetutorial,#latest2025,#apnatech21,#tech,#tips,#bananaai,#geminiaiphoto,#photomagic,#aicreations,#shortsai,#dailyshorts,#techshorts,#newupdate,#aitransformation",50
20,IXqg2Cok4Vw,Virat‚ÄìAnushka Flying Jodi üòÇ‚úàÔ∏è Desi Superhero Mode‚Äù #shorts #viral #trending #ytshortsindia #ai,Cinecraft,2025-09-12T15:45:01Z,IN,shorts,2025-09-17,https://www.youtube.com/watch?v=IXqg2Cok4Vw,4380392,13548,10,"#shorts,#viral,#trending,#ytshortsindia,#ai,#viratkohli,#anushkasharma,#virushka,#funnyai,#bollywoodcomedy,#aishorts",13
1,U0FWS4Jrcbs,"Female cat making indian rice,turns out be a fatal game#ai #cat #funny #india #animation #catsnake",Mystery cat ,2025-09-10T15:27:37Z,BR,videos,2025-09-17,https://www.youtube.com/watch?v=U0FWS4Jrcbs,96079554,953821,1300,"#ai,#cat,#funny,#india,#animation,#catsnake",65
2,_0NKbP6rl_Y,carelessness during meat chopping turn into life time sorrow #ai #cat #funny #animation #india,Mystery cat ,2025-09-11T16:07:52Z,BR,videos,2025-09-17,https://www.youtube.com/watch?v=_0NKbP6rl_Y,81013611,915434,1406,"#ai,#cat,#funny,#animation,#india",63
3,RM9-6FfZdgg,Shocking! The poor kitten has the Transformer !#shorts  #cat  #ai  #story  #kitten #autobots,kitten Storys,2025-09-14T06:15:03Z,BR,videos,2025-09-17,https://www.youtube.com/watch?v=RM9-6FfZdgg,51417964,300072,106,,17
4,Kgnjwlgf32U,Indian Army officer Saved the Plane Passengers By Throwing the Unclaimed Bag#ai #army,kahani Buzz,2025-09-12T13:30:31Z,BR,videos,2025-09-17,https://www.youtube.com/watch?v=Kgnjwlgf32U,36949900,691449,736,"#ai,#army",32
5,9Ixo2EgTlRE,The soldier saved passengers from aeroplane mid-air crisis! #ai #army #ytshorts,ETC BackLol Facts,2025-09-12T13:30:09Z,BR,videos,2025-09-17,https://www.youtube.com/watch?v=9Ixo2EgTlRE,33010899,0,149,"#ai,#army,#ytshorts",20
6,DPq_GzN9hWU,‡§¨‡§ø‡§≤‡•ç‡§≤‡•Ç ‡§ï‡§æ ‡§Æ‡§ø‡§ï‡•ç‡§∏‡•Ä ‡§Æ‡•á‡§Ç ‡§¨‡§®‡§æ ‡§ú‡•Ç‡§∏ üôÄ#catsoftiktok‚Äã #cat‚Äã #cute‚Äã #aiart‚Äã #ai‚Äã #poorcat‚Äã #catlover‚Äã #fyp,Ankit üëë,2025-09-11T03:45:00Z,BR,videos,2025-09-17,https://www.youtube.com/watch?v=DPq_GzN9hWU,26039903,0,51,"#catsoftiktok,#cat,#cute,#aiart,#ai,#poorcat,#catlover,#fyp,#top,#1million,#reels,#tiktok,#funny,#1m,#trend,#instagram,#shorts,#kitten,#wtf,#viral,#4,#relax,#spiderman,#philippines,#myanmar,#india,#mexico,#unitedstates,#cheating,#aicat,#cutecat,#4k,#catvelpictures,#cats,#catvel,#marvel",28
7,43mAAq1ErIY,"POV: You're fishing with your friends and a shark attacks one of them, he almost lost his life #ai",TREASURES OF THE OCEAN,2025-09-10T14:07:33Z,BR,videos,2025-09-17,https://www.youtube.com/watch?v=43mAAq1ErIY,16925694,42289,180,#ai,11
8,IO01m122p1o,She Love's The Touch ‚ù§Ô∏è pt2 #viral #shorts #ai #aisareedivas,AI Saree Divas,2025-09-10T13:57:11Z,BR,videos,2025-09-17,https://www.youtube.com/watch?v=IO01m122p1o,15027311,42929,138,"#viral,#shorts,#ai,#aisareedivas",6
9,nrhrkDHdX9E,so cute HAHA ¬©Ô∏èto the owner#ccto #eunwoo #ai  #youtube #youtubeshorts #trending #fyp„Ç∑„Çöviral #astro,Eunwoocheee Fan üí´,2025-09-10T11:06:49Z,BR,videos,2025-09-17,https://www.youtube.com/watch?v=nrhrkDHdX9E,9092577,90318,1619,"#ccto,#eunwoo,#ai,#youtube,#youtubeshorts,#trending,#fyp,#astro",6
10,8-v2UNQWqhU,The soldier saved pilot from airplane disaster in air! #ai #army #ytshorts,ETC BackLol Facts,2025-09-13T13:30:09Z,BR,videos,2025-09-17,https://www.youtube.com/watch?v=8-v2UNQWqhU,8449799,0,24,"#ai,#army,#ytshorts",21
11,99nepSPkgfo,Ph·∫ßn 166: Capy v√† ƒë√°m b·∫°n nh·∫£y h·ªì b∆°i #thientruongdaily #funny #ai #capybara,THI√äN TR∆Ø·ªúNG DAILY,2025-09-11T10:33:38Z,BR,videos,2025-09-17,https://www.youtube.com/watch?v=99nepSPkgfo,7765613,24679,114,"#thientruongdaily,#funny,#ai,#capybara",8
12,Av45KO6wW4o,Real life Vs AI. Part 21,Jiemba Sands,2025-09-12T13:00:31Z,BR,videos,2025-09-17,https://www.youtube.com/watch?v=Av45KO6wW4o,7626841,187595,470,"#ai,#vs,#reallife",20
13,SLjMh8r9SMo,Husky Puppy's Clever Call for Help! üê∂üëÄ Mom Saved!...#ai #rescue #wildlife #animals,Catoo Mission,2025-09-10T17:27:16Z,BR,videos,2025-09-17,https://www.youtube.com/watch?v=SLjMh8r9SMo,6960510,15062,13,"#ai,#rescue,#wildlife,#animals",8
14,v5hIeXLZims,üò¢RUMI was rescued by Mira and Zoey after the incident. #ai #kpop #funny #shorst #kpopdemonhunters,CuteVibes ,2025-09-11T19:00:53Z,BR,videos,2025-09-17,https://www.youtube.com/watch?v=v5hIeXLZims,6921826,42143,15,"#ai,#kpop,#funny,#shorst,#kpopdemonhunters",20
15,U-WOsIR07Gs,The poor kitten and the Transformer Bumblebee save goldfish!#shorts #ai #cat#funny#cartoon#animation,kitten Storys,2025-09-11T07:30:13Z,BR,videos,2025-09-17,https://www.youtube.com/watch?v=U-WOsIR07Gs,6892188,41006,15,,13
16,wWxFQtQ6cZw,‡§ö‡§ø‡§Ç‡§ü‡•Ç ‡§®‡•á ‡§™‡§æ‡§™‡§æ ‡§ï‡§æ ‡§ï‡•ã‡§≤‡•ç‡§°‡§°‡•ç‡§∞‡§ø‡§Ç‡§ï ‡§ö‡•Å‡§∞‡§æ‡§Ø‡§æ ü•µ | #viral #facts #shortvideo #ai,SHORTCUT RIXX,2025-09-12T13:12:44Z,BR,videos,2025-09-17,https://www.youtube.com/watch?v=wWxFQtQ6cZw,6686819,24767,1,"#viral,#facts,#shortvideo,#ai",8
17,Bl64UYjozwk,Indian IAS Officer Exposes Dowry Demand in a Wedding üí™‚ù§Ô∏è #ai #ias #shorts,Genius Feed,2025-09-10T12:12:12Z,BR,videos,2025-09-17,https://www.youtube.com/watch?v=Bl64UYjozwk,6589450,0,52,"#ai,#ias,#shorts",54
18,CzLYvJPkF-Q,Indian woman soldier saved all the passengers in the plane üò≠ #ai #army #airplane #save,ai short time ,2025-09-12T13:31:25Z,BR,videos,2025-09-17,https://www.youtube.com/watch?v=CzLYvJPkF-Q,6396854,63348,34,"#ai,#army,#airplane,#save",23
19,hcM-EnDI3O8,ÿßŸÑŸÇÿ∑Ÿá ŸÖŸäÿßŸà ÿ±ŸÖÿ™ ÿ®ÿ≥ÿ®Ÿàÿ≥ ŸÖŸÜ ÿßŸÑÿ∑Ÿäÿßÿ±Ÿá... #cat  #animation  #ai  #funny  #funnyvideo,Meowverse,2025-09-11T11:47:36Z,BR,videos,2025-09-17,https://www.youtube.com/watch?v=hcM-EnDI3O8,6194958,89830,470,"#cat,#animation,#ai,#funny,#funnyvideo",56
20,EMVzz-k4oV0,AI Monkey vs Electric Hair Dryer #shorts,CrazyVers,2025-09-12T12:36:25Z,BR,videos,2025-09-17,https://www.youtube.com/watch?v=EMVzz-k4oV0,5715138,35898,9,"#ai,#shorts,#funnymonkey,#bathroomdisaster,#viral",37
1,RM9-6FfZdgg,Shocking! The poor kitten has the Transformer !#shorts  #cat  #ai  #story  #kitten #autobots,kitten Storys,2025-09-14T06:15:03Z,BR,shorts,2025-09-17,https://www.youtube.com/watch?v=RM9-6FfZdgg,51417964,300081,106,,17
2,Kgnjwlgf32U,Indian Army officer Saved the Plane Passengers By Throwing the Unclaimed Bag#ai #army,kahani Buzz,2025-09-12T13:30:31Z,BR,shorts,2025-09-17,https://www.youtube.com/watch?v=Kgnjwlgf32U,36949900,691449,736,"#ai,#army",32
3,9Ixo2EgTlRE,The soldier saved passengers from aeroplane mid-air crisis! #ai #army #ytshorts,ETC BackLol Facts,2025-09-12T13:30:09Z,BR,shorts,2025-09-17,https://www.youtube.com/watch?v=9Ixo2EgTlRE,33010899,0,149,"#ai,#army,#ytshorts",20
4,DPq_GzN9hWU,‡§¨‡§ø‡§≤‡•ç‡§≤‡•Ç ‡§ï‡§æ ‡§Æ‡§ø‡§ï‡•ç‡§∏‡•Ä ‡§Æ‡•á‡§Ç ‡§¨‡§®‡§æ ‡§ú‡•Ç‡§∏ üôÄ#catsoftiktok‚Äã #cat‚Äã #cute‚Äã #aiart‚Äã #ai‚Äã #poorcat‚Äã #catlover‚Äã #fyp,Ankit üëë,2025-09-11T03:45:00Z,BR,shorts,2025-09-17,https://www.youtube.com/watch?v=DPq_GzN9hWU,26039903,0,51,"#catsoftiktok,#cat,#cute,#aiart,#ai,#poorcat,#catlover,#fyp,#top,#1million,#reels,#tiktok,#funny,#1m,#trend,#instagram,#shorts,#kitten,#wtf,#viral,#4,#relax,#spiderman,#philippines,#myanmar,#india,#mexico,#unitedstates,#cheating,#aicat,#cutecat,#4k,#catvelpictures,#cats,#catvel,#marvel",28
5,43mAAq1ErIY,"POV: You're fishing with your friends and a shark attacks one of them, he almost lost his life #ai",TREASURES OF THE OCEAN,2025-09-10T14:07:33Z,BR,shorts,2025-09-17,https://www.youtube.com/watch?v=43mAAq1ErIY,16925694,42295,180,#ai,11
6,IO01m122p1o,She Love's The Touch ‚ù§Ô∏è pt2 #viral #shorts #ai #aisareedivas,AI Saree Divas,2025-09-10T13:57:11Z,BR,shorts,2025-09-17,https://www.youtube.com/watch?v=IO01m122p1o,15030777,42930,138,"#viral,#shorts,#ai,#aisareedivas",6
7,nrhrkDHdX9E,so cute HAHA ¬©Ô∏èto the owner#ccto #eunwoo #ai  #youtube #youtubeshorts #trending #fyp„Ç∑„Çöviral #astro,Eunwoocheee Fan üí´,2025-09-10T11:06:49Z,BR,shorts,2025-09-17,https://www.youtube.com/watch?v=nrhrkDHdX9E,9092577,90319,1619,"#ccto,#eunwoo,#ai,#youtube,#youtubeshorts,#trending,#fyp,#astro",6
8,8-v2UNQWqhU,The soldier saved pilot from airplane disaster in air! #ai #army #ytshorts,ETC BackLol Facts,2025-09-13T13:30:09Z,BR,shorts,2025-09-17,https://www.youtube.com/watch?v=8-v2UNQWqhU,8449799,0,24,"#ai,#army,#ytshorts",21
9,99nepSPkgfo,Ph·∫ßn 166: Capy v√† ƒë√°m b·∫°n nh·∫£y h·ªì b∆°i #thientruongdaily #funny #ai #capybara,THI√äN TR∆Ø·ªúNG DAILY,2025-09-11T10:33:38Z,BR,shorts,2025-09-17,https://www.youtube.com/watch?v=99nepSPkgfo,7765613,24679,114,"#thientruongdaily,#funny,#ai,#capybara",8
10,Av45KO6wW4o,Real life Vs AI. Part 21,Jiemba Sands,2025-09-12T13:00:31Z,BR,shorts,2025-09-17,https://www.youtube.com/watch?v=Av45KO6wW4o,7626841,187595,470,"#ai,#vs,#reallife",20
11,SLjMh8r9SMo,Husky Puppy's Clever Call for Help! üê∂üëÄ Mom Saved!...#ai #rescue #wildlife #animals,Catoo Mission,2025-09-10T17:27:16Z,BR,shorts,2025-09-17,https://www.youtube.com/watch?v=SLjMh8r9SMo,6960510,15062,13,"#ai,#rescue,#wildlife,#animals",8
12,v5hIeXLZims,üò¢RUMI was rescued by Mira and Zoey after the incident. #ai #kpop #funny #shorst #kpopdemonhunters,CuteVibes ,2025-09-11T19:00:53Z,BR,shorts,2025-09-17,https://www.youtube.com/watch?v=v5hIeXLZims,6921826,42143,15,"#ai,#kpop,#funny,#shorst,#kpopdemonhunters",20
13,U-WOsIR07Gs,The poor kitten and the Transformer Bumblebee save goldfish!#shorts #ai #cat#funny#cartoon#animation,kitten Storys,2025-09-11T07:30:13Z,BR,shorts,2025-09-17,https://www.youtube.com/watch?v=U-WOsIR07Gs,6892188,41007,15,,13
14,wWxFQtQ6cZw,‡§ö‡§ø‡§Ç‡§ü‡•Ç ‡§®‡•á ‡§™‡§æ‡§™‡§æ ‡§ï‡§æ ‡§ï‡•ã‡§≤‡•ç‡§°‡§°‡•ç‡§∞‡§ø‡§Ç‡§ï ‡§ö‡•Å‡§∞‡§æ‡§Ø‡§æ ü•µ | #viral #facts #shortvideo #ai,SHORTCUT RIXX,2025-09-12T13:12:44Z,BR,shorts,2025-09-17,https://www.youtube.com/watch?v=wWxFQtQ6cZw,6686819,24767,1,"#viral,#facts,#shortvideo,#ai",8
15,Bl64UYjozwk,Indian IAS Officer Exposes Dowry Demand in a Wedding üí™‚ù§Ô∏è #ai #ias #shorts,Genius Feed,2025-09-10T12:12:12Z,BR,shorts,2025-09-17,https://www.youtube.com/watch?v=Bl64UYjozwk,6590408,0,52,"#ai,#ias,#shorts",54
16,CzLYvJPkF-Q,Indian woman soldier saved all the passengers in the plane üò≠ #ai #army #airplane #save,ai short time ,2025-09-12T13:31:25Z,BR,shorts,2025-09-17,https://www.youtube.com/watch?v=CzLYvJPkF-Q,6396854,63348,34,"#ai,#army,#airplane,#save",23
17,hcM-EnDI3O8,ÿßŸÑŸÇÿ∑Ÿá ŸÖŸäÿßŸà ÿ±ŸÖÿ™ ÿ®ÿ≥ÿ®Ÿàÿ≥ ŸÖŸÜ ÿßŸÑÿ∑Ÿäÿßÿ±Ÿá... #cat  #animation  #ai  #funny  #funnyvideo,Meowverse,2025-09-11T11:47:36Z,BR,shorts,2025-09-17,https://www.youtube.com/watch?v=hcM-EnDI3O8,6194958,89832,470,"#cat,#animation,#ai,#funny,#funnyvideo",56
18,EMVzz-k4oV0,AI Monkey vs Electric Hair Dryer #shorts,CrazyVers,2025-09-12T12:36:25Z,BR,shorts,2025-09-17,https://www.youtube.com/watch?v=EMVzz-k4oV0,5715138,35898,9,"#ai,#shorts,#funnymonkey,#bathroomdisaster,#viral",37
19,bxxtFn8wegs,Trending Instagram Viral Photo Editing | Google Gemini Viral Photo Editing | Ai photo Editing #ai‚Äã‚Äã,Manisha Editing 4u,2025-09-12T08:30:31Z,BR,shorts,2025-09-17,https://www.youtube.com/watch?v=bxxtFn8wegs,5375784,54406,1815,"#ai,#aiphotoediting,#miniature,#miniaturemotorcycle,#miniaturecor,#chatgpt,#gemini,#photoediting,#viralphotoediting,#viralphotographyshorts,#howtoeditphotoinmobile,#howtoeditphotos,#aiart,#aiediting,#tutorial,#youtubeshorts,#youtubetutorial,#latest2025,#apnatech21,#tech,#tips,#bananaai,#geminiaiphoto,#photomagic,#aicreations,#shortsai,#dailyshorts,#techshorts,#newupdate,#aitransformation",50
20,6WCuBENCt4Y,‡Æ§‡Æø‡Æ∞‡ØÅ‡ÆÆ‡Æ£ ‡Æ®‡Æø‡Æ≤‡Øà‡ÆÆ‡Øà #90skids #90sweddingstatusvideo #tamil #aivideo #ai #aibaby #babytalk #viralaivideos,  üåà #90sKids nostalgia,2025-09-11T02:46:18Z,BR,shorts,2025-09-17,https://www.youtube.com/watch?v=6WCuBENCt4Y,4741089,32450,63,"#90skids,#90sweddingstatusvideo,#tamil,#aivideo,#ai,#aibaby,#babytalk,#viralaivideos",9
1,U0FWS4Jrcbs,"Female cat making indian rice,turns out be a fatal game#ai #cat #funny #india #animation #catsnake",Mystery cat ,2025-09-10T15:27:37Z,ID,videos,2025-09-17,https://www.youtube.com/watch?v=U0FWS4Jrcbs,96079554,953835,1300,"#ai,#cat,#funny,#india,#animation,#catsnake",65
2,_0NKbP6rl_Y,carelessness during meat chopping turn into life time sorrow #ai #cat #funny #animation #india,Mystery cat ,2025-09-11T16:07:52Z,ID,videos,2025-09-17,https://www.youtube.com/watch?v=_0NKbP6rl_Y,81013611,915434,1406,"#ai,#cat,#funny,#animation,#india",63
3,RM9-6FfZdgg,Shocking! The poor kitten has the Transformer !#shorts  #cat  #ai  #story  #kitten #autobots,kitten Storys,2025-09-14T06:15:03Z,ID,videos,2025-09-17,https://www.youtube.com/watch?v=RM9-6FfZdgg,51417964,300094,106,,17
4,Kgnjwlgf32U,Indian Army officer Saved the Plane Passengers By Throwing the Unclaimed Bag#ai #army,kahani Buzz,2025-09-12T13:30:31Z,ID,videos,2025-09-17,https://www.youtube.com/watch?v=Kgnjwlgf32U,36949900,691459,736,"#ai,#army",32
5,9Ixo2EgTlRE,The soldier saved passengers from aeroplane mid-air crisis! #ai #army #ytshorts,ETC BackLol Facts,2025-09-12T13:30:09Z,ID,videos,2025-09-17,https://www.youtube.com/watch?v=9Ixo2EgTlRE,33010899,0,149,"#ai,#army,#ytshorts",20
6,DPq_GzN9hWU,‡§¨‡§ø‡§≤‡•ç‡§≤‡•Ç ‡§ï‡§æ ‡§Æ‡§ø‡§ï‡•ç‡§∏‡•Ä ‡§Æ‡•á‡§Ç ‡§¨‡§®‡§æ ‡§ú‡•Ç‡§∏ üôÄ#catsoftiktok‚Äã #cat‚Äã #cute‚Äã #aiart‚Äã #ai‚Äã #poorcat‚Äã #catlover‚Äã #fyp,Ankit üëë,2025-09-11T03:45:00Z,ID,videos,2025-09-17,https://www.youtube.com/watch?v=DPq_GzN9hWU,26039903,0,51,"#catsoftiktok,#cat,#cute,#aiart,#ai,#poorcat,#catlover,#fyp,#top,#1million,#reels,#tiktok,#funny,#1m,#trend,#instagram,#shorts,#kitten,#wtf,#viral,#4,#relax,#spiderman,#philippines,#myanmar,#india,#mexico,#unitedstates,#cheating,#aicat,#cutecat,#4k,#catvelpictures,#cats,#catvel,#marvel",28
7,43mAAq1ErIY,"POV: You're fishing with your friends and a shark attacks one of them, he almost lost his life #ai",TREASURES OF THE OCEAN,2025-09-10T14:07:33Z,ID,videos,2025-09-17,https://www.youtube.com/watch?v=43mAAq1ErIY,16925694,42297,180,#ai,11
8,IO01m122p1o,She Love's The Touch ‚ù§Ô∏è pt2 #viral #shorts #ai #aisareedivas,AI Saree Divas,2025-09-10T13:57:11Z,ID,videos,2025-09-17,https://www.youtube.com/watch?v=IO01m122p1o,15030777,42930,138,"#viral,#shorts,#ai,#aisareedivas",6
9,nrhrkDHdX9E,so cute HAHA ¬©Ô∏èto the owner#ccto #eunwoo #ai  #youtube #youtubeshorts #trending #fyp„Ç∑„Çöviral #astro,Eunwoocheee Fan üí´,2025-09-10T11:06:49Z,ID,videos,2025-09-17,https://www.youtube.com/watch?v=nrhrkDHdX9E,9092577,90319,1619,"#ccto,#eunwoo,#ai,#youtube,#youtubeshorts,#trending,#fyp,#astro",6
10,8-v2UNQWqhU,The soldier saved pilot from airplane disaster in air! #ai #army #ytshorts,ETC BackLol Facts,2025-09-13T13:30:09Z,ID,videos,2025-09-17,https://www.youtube.com/watch?v=8-v2UNQWqhU,8449799,0,24,"#ai,#army,#ytshorts",21
11,99nepSPkgfo,Ph·∫ßn 166: Capy v√† ƒë√°m b·∫°n nh·∫£y h·ªì b∆°i #thientruongdaily #funny #ai #capybara,THI√äN TR∆Ø·ªúNG DAILY,2025-09-11T10:33:38Z,ID,videos,2025-09-17,https://www.youtube.com/watch?v=99nepSPkgfo,7765613,24679,114,"#thientruongdaily,#funny,#ai,#capybara",8
12,Av45KO6wW4o,Real life Vs AI. Part 21,Jiemba Sands,2025-09-12T13:00:31Z,ID,videos,2025-09-17,https://www.youtube.com/watch?v=Av45KO6wW4o,7626841,187597,470,"#ai,#vs,#reallife",20
13,SLjMh8r9SMo,Husky Puppy's Clever Call for Help! üê∂üëÄ Mom Saved!...#ai #rescue #wildlife #animals,Catoo Mission,2025-09-10T17:27:16Z,ID,videos,2025-09-17,https://www.youtube.com/watch?v=SLjMh8r9SMo,6960510,15062,13,"#ai,#rescue,#wildlife,#animals",8
14,v5hIeXLZims,üò¢RUMI was rescued by Mira and Zoey after the incident. #ai #kpop #funny #shorst #kpopdemonhunters,CuteVibes ,2025-09-11T19:00:53Z,ID,videos,2025-09-17,https://www.youtube.com/watch?v=v5hIeXLZims,6921826,42146,15,"#ai,#kpop,#funny,#shorst,#kpopdemonhunters",20
15,U-WOsIR07Gs,The poor kitten and the Transformer Bumblebee save goldfish!#shorts #ai #cat#funny#cartoon#animation,kitten Storys,2025-09-11T07:30:13Z,ID,videos,2025-09-17,https://www.youtube.com/watch?v=U-WOsIR07Gs,6892188,41007,15,,13
16,wWxFQtQ6cZw,‡§ö‡§ø‡§Ç‡§ü‡•Ç ‡§®‡•á ‡§™‡§æ‡§™‡§æ ‡§ï‡§æ ‡§ï‡•ã‡§≤‡•ç‡§°‡§°‡•ç‡§∞‡§ø‡§Ç‡§ï ‡§ö‡•Å‡§∞‡§æ‡§Ø‡§æ ü•µ | #viral #facts #shortvideo #ai,SHORTCUT RIXX,2025-09-12T13:12:44Z,ID,videos,2025-09-17,https://www.youtube.com/watch?v=wWxFQtQ6cZw,6686819,24768,1,"#viral,#facts,#shortvideo,#ai",8
17,Bl64UYjozwk,Indian IAS Officer Exposes Dowry Demand in a Wedding üí™‚ù§Ô∏è #ai #ias #shorts,Genius Feed,2025-09-10T12:12:12Z,ID,videos,2025-09-17,https://www.youtube.com/watch?v=Bl64UYjozwk,6590408,0,52,"#ai,#ias,#shorts",54
18,CzLYvJPkF-Q,Indian woman soldier saved all the passengers in the plane üò≠ #ai #army #airplane #save,ai short time ,2025-09-12T13:31:25Z,ID,videos,2025-09-17,https://www.youtube.com/watch?v=CzLYvJPkF-Q,6396854,63361,34,"#ai,#army,#airplane,#save",23
19,hcM-EnDI3O8,ÿßŸÑŸÇÿ∑Ÿá ŸÖŸäÿßŸà ÿ±ŸÖÿ™ ÿ®ÿ≥ÿ®Ÿàÿ≥ ŸÖŸÜ ÿßŸÑÿ∑Ÿäÿßÿ±Ÿá... #cat  #animation  #ai  #funny  #funnyvideo,Meowverse,2025-09-11T11:47:36Z,ID,videos,2025-09-17,https://www.youtube.com/watch?v=hcM-EnDI3O8,6194975,89832,470,"#cat,#animation,#ai,#funny,#funnyvideo",56
20,EMVzz-k4oV0,AI Monkey vs Electric Hair Dryer #shorts,CrazyVers,2025-09-12T12:36:25Z,ID,videos,2025-09-17,https://www.youtube.com/watch?v=EMVzz-k4oV0,5715138,35902,9,"#ai,#shorts,#funnymonkey,#bathroomdisaster,#viral",37
1,RM9-6FfZdgg,Shocking! The poor kitten has the Transformer !#shorts  #cat  #ai  #story  #kitten #autobots,kitten Storys,2025-09-14T06:15:03Z,ID,shorts,2025-09-17,https://www.youtube.com/watch?v=RM9-6FfZdgg,51418168,300094,106,,17
2,Kgnjwlgf32U,Indian Army officer Saved the Plane Passengers By Throwing the Unclaimed Bag#ai #army,kahani Buzz,2025-09-12T13:30:31Z,ID,shorts,2025-09-17,https://www.youtube.com/watch?v=Kgnjwlgf32U,36949900,691477,736,"#ai,#army",32
3,9Ixo2EgTlRE,The soldier saved passengers from aeroplane mid-air crisis! #ai #army #ytshorts,ETC BackLol Facts,2025-09-12T13:30:09Z,ID,shorts,2025-09-17,https://www.youtube.com/watch?v=9Ixo2EgTlRE,33010899,0,149,"#ai,#army,#ytshorts",20
4,DPq_GzN9hWU,‡§¨‡§ø‡§≤‡•ç‡§≤‡•Ç ‡§ï‡§æ ‡§Æ‡§ø‡§ï‡•ç‡§∏‡•Ä ‡§Æ‡•á‡§Ç ‡§¨‡§®‡§æ ‡§ú‡•Ç‡§∏ üôÄ#catsoftiktok‚Äã #cat‚Äã #cute‚Äã #aiart‚Äã #ai‚Äã #poorcat‚Äã #catlover‚Äã #fyp,Ankit üëë,2025-09-11T03:45:00Z,ID,shorts,2025-09-17,https://www.youtube.com/watch?v=DPq_GzN9hWU,26039903,0,51,"#catsoftiktok,#cat,#cute,#aiart,#ai,#poorcat,#catlover,#fyp,#top,#1million,#reels,#tiktok,#funny,#1m,#trend,#instagram,#shorts,#kitten,#wtf,#viral,#4,#relax,#spiderman,#philippines,#myanmar,#india,#mexico,#unitedstates,#cheating,#aicat,#cutecat,#4k,#catvelpictures,#cats,#catvel,#marvel",28
5,43mAAq1ErIY,"POV: You're fishing with your friends and a shark attacks one of them, he almost lost his life #ai",TREASURES OF THE OCEAN,2025-09-10T14:07:33Z,ID,shorts,2025-09-17,https://www.youtube.com/watch?v=43mAAq1ErIY,16925694,42294,180,#ai,11
6,IO01m122p1o,She Love's The Touch ‚ù§Ô∏è pt2 #viral #shorts #ai #aisareedivas,AI Saree Divas,2025-09-10T13:57:11Z,ID,shorts,2025-09-17,https://www.youtube.com/watch?v=IO01m122p1o,15031647,42930,138,"#viral,#shorts,#ai,#aisareedivas",6
7,nrhrkDHdX9E,so cute HAHA ¬©Ô∏èto the owner#ccto #eunwoo #ai  #youtube #youtubeshorts #trending #fyp„Ç∑„Çöviral #astro,Eunwoocheee Fan üí´,2025-09-10T11:06:49Z,ID,shorts,2025-09-17,https://www.youtube.com/watch?v=nrhrkDHdX9E,9092577,90320,1619,"#ccto,#eunwoo,#ai,#youtube,#youtubeshorts,#trending,#fyp,#astro",6
8,8-v2UNQWqhU,The soldier saved pilot from airplane disaster in air! #ai #army #ytshorts,ETC BackLol Facts,2025-09-13T13:30:09Z,ID,shorts,2025-09-17,https://www.youtube.com/watch?v=8-v2UNQWqhU,8449799,0,24,"#ai,#army,#ytshorts",21
9,99nepSPkgfo,Ph·∫ßn 166: Capy v√† ƒë√°m b·∫°n nh·∫£y h·ªì b∆°i #thientruongdaily #funny #ai #capybara,THI√äN TR∆Ø·ªúNG DAILY,2025-09-11T10:33:38Z,ID,shorts,2025-09-17,https://www.youtube.com/watch?v=99nepSPkgfo,7765613,24679,114,"#thientruongdaily,#funny,#ai,#capybara",8
10,Av45KO6wW4o,Real life Vs AI. Part 21,Jiemba Sands,2025-09-12T13:00:31Z,ID,shorts,2025-09-17,https://www.youtube.com/watch?v=Av45KO6wW4o,7626841,187596,470,"#ai,#vs,#reallife",20
11,SLjMh8r9SMo,Husky Puppy's Clever Call for Help! üê∂üëÄ Mom Saved!...#ai #rescue #wildlife #animals,Catoo Mission,2025-09-10T17:27:16Z,ID,shorts,2025-09-17,https://www.youtube.com/watch?v=SLjMh8r9SMo,6960510,15062,13,"#ai,#rescue,#wildlife,#animals",8
12,v5hIeXLZims,üò¢RUMI was rescued by Mira and Zoey after the incident. #ai #kpop #funny #shorst #kpopdemonhunters,CuteVibes ,2025-09-11T19:00:53Z,ID,shorts,2025-09-17,https://www.youtube.com/watch?v=v5hIeXLZims,6921826,42146,15,"#ai,#kpop,#funny,#shorst,#kpopdemonhunters",20
13,U-WOsIR07Gs,The poor kitten and the Transformer Bumblebee save goldfish!#shorts #ai #cat#funny#cartoon#animation,kitten Storys,2025-09-11T07:30:13Z,ID,shorts,2025-09-17,https://www.youtube.com/watch?v=U-WOsIR07Gs,6892188,41008,15,,13
14,wWxFQtQ6cZw,‡§ö‡§ø‡§Ç‡§ü‡•Ç ‡§®‡•á ‡§™‡§æ‡§™‡§æ ‡§ï‡§æ ‡§ï‡•ã‡§≤‡•ç‡§°‡§°‡•ç‡§∞‡§ø‡§Ç‡§ï ‡§ö‡•Å‡§∞‡§æ‡§Ø‡§æ ü•µ | #viral #facts #shortvideo #ai,SHORTCUT RIXX,2025-09-12T13:12:44Z,ID,shorts,2025-09-17,https://www.youtube.com/watch?v=wWxFQtQ6cZw,6693617,24767,1,"#viral,#facts,#shortvideo,#ai",8
15,Bl64UYjozwk,Indian IAS Officer Exposes Dowry Demand in a Wedding üí™‚ù§Ô∏è #ai #ias #shorts,Genius Feed,2025-09-10T12:12:12Z,ID,shorts,2025-09-17,https://www.youtube.com/watch?v=Bl64UYjozwk,6590408,0,52,"#ai,#ias,#shorts",54
16,CzLYvJPkF-Q,Indian woman soldier saved all the passengers in the plane üò≠ #ai #army #airplane #save,ai short time ,2025-09-12T13:31:25Z,ID,shorts,2025-09-17,https://www.youtube.com/watch?v=CzLYvJPkF-Q,6396854,63372,34,"#ai,#army,#airplane,#save",23
17,hcM-EnDI3O8,ÿßŸÑŸÇÿ∑Ÿá ŸÖŸäÿßŸà ÿ±ŸÖÿ™ ÿ®ÿ≥ÿ®Ÿàÿ≥ ŸÖŸÜ ÿßŸÑÿ∑Ÿäÿßÿ±Ÿá... #cat  #animation  #ai  #funny  #funnyvideo,Meowverse,2025-09-11T11:47:36Z,ID,shorts,2025-09-17,https://www.youtube.com/watch?v=hcM-EnDI3O8,6194975,89832,470,"#cat,#animation,#ai,#funny,#funnyvideo",56
18,EMVzz-k4oV0,AI Monkey vs Electric Hair Dryer #shorts,CrazyVers,2025-09-12T12:36:25Z,ID,shorts,2025-09-17,https://www.youtube.com/watch?v=EMVzz-k4oV0,5717262,35902,9,"#ai,#shorts,#funnymonkey,#bathroomdisaster,#viral",37
19,bxxtFn8wegs,Trending Instagram Viral Photo Editing | Google Gemini Viral Photo Editing | Ai photo Editing #ai‚Äã‚Äã,Manisha Editing 4u,2025-09-12T08:30:31Z,ID,shorts,2025-09-17,https://www.youtube.com/watch?v=bxxtFn8wegs,5375784,54406,1815,"#ai,#aiphotoediting,#miniature,#miniaturemotorcycle,#miniaturecor,#chatgpt,#gemini,#photoediting,#viralphotoediting,#viralphotographyshorts,#howtoeditphotoinmobile,#howtoeditphotos,#aiart,#aiediting,#tutorial,#youtubeshorts,#youtubetutorial,#latest2025,#apnatech21,#tech,#tips,#bananaai,#geminiaiphoto,#photomagic,#aicreations,#shortsai,#dailyshorts,#techshorts,#newupdate,#aitransformation",50
20,6WCuBENCt4Y,‡Æ§‡Æø‡Æ∞‡ØÅ‡ÆÆ‡Æ£ ‡Æ®‡Æø‡Æ≤‡Øà‡ÆÆ‡Øà #90skids #90sweddingstatusvideo #tamil #aivideo #ai #aibaby #babytalk #viralaivideos,  üåà #90sKids nostalgia,2025-09-11T02:46:18Z,ID,shorts,2025-09-17,https://www.youtube.com/watch?v=6WCuBENCt4Y,4741716,32447,63,"#90skids,#90sweddingstatusvideo,#tamil,#aivideo,#ai,#aibaby,#babytalk,#viralaivideos",9
1,U0FWS4Jrcbs,"Female cat making indian rice,turns out be a fatal game#ai #cat #funny #india #animation #catsnake",Mystery cat ,2025-09-10T15:27:37Z,MX,videos,2025-09-17,https://www.youtube.com/watch?v=U0FWS4Jrcbs,96079555,953840,1300,"#ai,#cat,#funny,#india,#animation,#catsnake",65
2,_0NKbP6rl_Y,carelessness during meat chopping turn into life time sorrow #ai #cat #funny #animation #india,Mystery cat ,2025-09-11T16:07:52Z,MX,videos,2025-09-17,https://www.youtube.com/watch?v=_0NKbP6rl_Y,81013611,915445,1406,"#ai,#cat,#funny,#animation,#india",63
3,RM9-6FfZdgg,Shocking! The poor kitten has the Transformer !#shorts  #cat  #ai  #story  #kitten #autobots,kitten Storys,2025-09-14T06:15:03Z,MX,videos,2025-09-17,https://www.youtube.com/watch?v=RM9-6FfZdgg,51418168,300102,106,,17
4,Kgnjwlgf32U,Indian Army officer Saved the Plane Passengers By Throwing the Unclaimed Bag#ai #army,kahani Buzz,2025-09-12T13:30:31Z,MX,videos,2025-09-17,https://www.youtube.com/watch?v=Kgnjwlgf32U,36949900,691477,736,"#ai,#army",32
5,9Ixo2EgTlRE,The soldier saved passengers from aeroplane mid-air crisis! #ai #army #ytshorts,ETC BackLol Facts,2025-09-12T13:30:09Z,MX,videos,2025-09-17,https://www.youtube.com/watch?v=9Ixo2EgTlRE,33010899,0,149,"#ai,#army,#ytshorts",20
6,DPq_GzN9hWU,‡§¨‡§ø‡§≤‡•ç‡§≤‡•Ç ‡§ï‡§æ ‡§Æ‡§ø‡§ï‡•ç‡§∏‡•Ä ‡§Æ‡•á‡§Ç ‡§¨‡§®‡§æ ‡§ú‡•Ç‡§∏ üôÄ#catsoftiktok‚Äã #cat‚Äã #cute‚Äã #aiart‚Äã #ai‚Äã #poorcat‚Äã #catlover‚Äã #fyp,Ankit üëë,2025-09-11T03:45:00Z,MX,videos,2025-09-17,https://www.youtube.com/watch?v=DPq_GzN9hWU,26039903,0,51,"#catsoftiktok,#cat,#cute,#aiart,#ai,#poorcat,#catlover,#fyp,#top,#1million,#reels,#tiktok,#funny,#1m,#trend,#instagram,#shorts,#kitten,#wtf,#viral,#4,#relax,#spiderman,#philippines,#myanmar,#india,#mexico,#unitedstates,#cheating,#aicat,#cutecat,#4k,#catvelpictures,#cats,#catvel,#marvel",28
7,43mAAq1ErIY,"POV: You're fishing with your friends and a shark attacks one of them, he almost lost his life #ai",TREASURES OF THE OCEAN,2025-09-10T14:07:33Z,MX,videos,2025-09-17,https://www.youtube.com/watch?v=43mAAq1ErIY,16925694,42294,180,#ai,11
8,IO01m122p1o,She Love's The Touch ‚ù§Ô∏è pt2 #viral #shorts #ai #aisareedivas,AI Saree Divas,2025-09-10T13:57:11Z,MX,videos,2025-09-17,https://www.youtube.com/watch?v=IO01m122p1o,15031647,42929,138,"#viral,#shorts,#ai,#aisareedivas",6
9,nrhrkDHdX9E,so cute HAHA ¬©Ô∏èto the owner#ccto #eunwoo #ai  #youtube #youtubeshorts #trending #fyp„Ç∑„Çöviral #astro,Eunwoocheee Fan üí´,2025-09-10T11:06:49Z,MX,videos,2025-09-17,https://www.youtube.com/watch?v=nrhrkDHdX9E,9092577,90321,1619,"#ccto,#eunwoo,#ai,#youtube,#youtubeshorts,#trending,#fyp,#astro",6
10,8-v2UNQWqhU,The soldier saved pilot from airplane disaster in air! #ai #army #ytshorts,ETC BackLol Facts,2025-09-13T13:30:09Z,MX,videos,2025-09-17,https://www.youtube.com/watch?v=8-v2UNQWqhU,8449799,0,24,"#ai,#army,#ytshorts",21
11,99nepSPkgfo,Ph·∫ßn 166: Capy v√† ƒë√°m b·∫°n nh·∫£y h·ªì b∆°i #thientruongdaily #funny #ai #capybara,THI√äN TR∆Ø·ªúNG DAILY,2025-09-11T10:33:38Z,MX,videos,2025-09-17,https://www.youtube.com/watch?v=99nepSPkgfo,7765613,24679,114,"#thientruongdaily,#funny,#ai,#capybara",8
12,Av45KO6wW4o,Real life Vs AI. Part 21,Jiemba Sands,2025-09-12T13:00:31Z,MX,videos,2025-09-17,https://www.youtube.com/watch?v=Av45KO6wW4o,7626841,187597,470,"#ai,#vs,#reallife",20
13,SLjMh8r9SMo,Husky Puppy's Clever Call for Help! üê∂üëÄ Mom Saved!...#ai #rescue #wildlife #animals,Catoo Mission,2025-09-10T17:27:16Z,MX,videos,2025-09-17,https://www.youtube.com/watch?v=SLjMh8r9SMo,6960510,15062,13,"#ai,#rescue,#wildlife,#animals",8
14,v5hIeXLZims,üò¢RUMI was rescued by Mira and Zoey after the incident. #ai #kpop #funny #shorst #kpopdemonhunters,CuteVibes ,2025-09-11T19:00:53Z,MX,videos,2025-09-17,https://www.youtube.com/watch?v=v5hIeXLZims,6921826,42146,15,"#ai,#kpop,#funny,#shorst,#kpopdemonhunters",20
15,U-WOsIR07Gs,The poor kitten and the Transformer Bumblebee save goldfish!#shorts #ai #cat#funny#cartoon#animation,kitten Storys,2025-09-11T07:30:13Z,MX,videos,2025-09-17,https://www.youtube.com/watch?v=U-WOsIR07Gs,6892188,41012,15,,13
16,wWxFQtQ6cZw,‡§ö‡§ø‡§Ç‡§ü‡•Ç ‡§®‡•á ‡§™‡§æ‡§™‡§æ ‡§ï‡§æ ‡§ï‡•ã‡§≤‡•ç‡§°‡§°‡•ç‡§∞‡§ø‡§Ç‡§ï ‡§ö‡•Å‡§∞‡§æ‡§Ø‡§æ ü•µ | #viral #facts #shortvideo #ai,SHORTCUT RIXX,2025-09-12T13:12:44Z,MX,videos,2025-09-17,https://www.youtube.com/watch?v=wWxFQtQ6cZw,6693617,24767,1,"#viral,#facts,#shortvideo,#ai",8
17,Bl64UYjozwk,Indian IAS Officer Exposes Dowry Demand in a Wedding üí™‚ù§Ô∏è #ai #ias #shorts,Genius Feed,2025-09-10T12:12:12Z,MX,videos,2025-09-17,https://www.youtube.com/watch?v=Bl64UYjozwk,6590408,0,52,"#ai,#ias,#shorts",54
18,CzLYvJPkF-Q,Indian woman soldier saved all the passengers in the plane üò≠ #ai #army #airplane #save,ai short time ,2025-09-12T13:31:25Z,MX,videos,2025-09-17,https://www.youtube.com/watch?v=CzLYvJPkF-Q,6399423,63372,34,"#ai,#army,#airplane,#save",23
19,hcM-EnDI3O8,ÿßŸÑŸÇÿ∑Ÿá ŸÖŸäÿßŸà ÿ±ŸÖÿ™ ÿ®ÿ≥ÿ®Ÿàÿ≥ ŸÖŸÜ ÿßŸÑÿ∑Ÿäÿßÿ±Ÿá... #cat  #animation  #ai  #funny  #funnyvideo,Meowverse,2025-09-11T11:47:36Z,MX,videos,2025-09-17,https://www.youtube.com/watch?v=hcM-EnDI3O8,6194975,89832,470,"#cat,#animation,#ai,#funny,#funnyvideo",56
20,EMVzz-k4oV0,AI Monkey vs Electric Hair Dryer #shorts,CrazyVers,2025-09-12T12:36:25Z,MX,videos,2025-09-17,https://www.youtube.com/watch?v=EMVzz-k4oV0,5723493,35903,9,"#ai,#shorts,#funnymonkey,#bathroomdisaster,#viral",37
1,RM9-6FfZdgg,Shocking! The poor kitten has the Transformer !#shorts  #cat  #ai  #story  #kitten #autobots,kitten Storys,2025-09-14T06:15:03Z,MX,shorts,2025-09-17,https://www.youtube.com/watch?v=RM9-6FfZdgg,51418168,300107,106,,17
2,Kgnjwlgf32U,Indian Army officer Saved the Plane Passengers By Throwing the Unclaimed Bag#ai #army,kahani Buzz,2025-09-12T13:30:31Z,MX,shorts,2025-09-17,https://www.youtube.com/watch?v=Kgnjwlgf32U,36949900,691492,736,"#ai,#army",32
3,9Ixo2EgTlRE,The soldier saved passengers from aeroplane mid-air crisis! #ai #army #ytshorts,ETC BackLol Facts,2025-09-12T13:30:09Z,MX,shorts,2025-09-17,https://www.youtube.com/watch?v=9Ixo2EgTlRE,33010899,0,149,"#ai,#army,#ytshorts",20
4,DPq_GzN9hWU,‡§¨‡§ø‡§≤‡•ç‡§≤‡•Ç ‡§ï‡§æ ‡§Æ‡§ø‡§ï‡•ç‡§∏‡•Ä ‡§Æ‡•á‡§Ç ‡§¨‡§®‡§æ ‡§ú‡•Ç‡§∏ üôÄ#catsoftiktok‚Äã #cat‚Äã #cute‚Äã #aiart‚Äã #ai‚Äã #poorcat‚Äã #catlover‚Äã #fyp,Ankit üëë,2025-09-11T03:45:00Z,MX,shorts,2025-09-17,https://www.youtube.com/watch?v=DPq_GzN9hWU,26039903,0,51,"#catsoftiktok,#cat,#cute,#aiart,#ai,#poorcat,#catlover,#fyp,#top,#1million,#reels,#tiktok,#funny,#1m,#trend,#instagram,#shorts,#kitten,#wtf,#viral,#4,#relax,#spiderman,#philippines,#myanmar,#india,#mexico,#unitedstates,#cheating,#aicat,#cutecat,#4k,#catvelpictures,#cats,#catvel,#marvel",28
5,43mAAq1ErIY,"POV: You're fishing with your friends and a shark attacks one of them, he almost lost his life #ai",TREASURES OF THE OCEAN,2025-09-10T14:07:33Z,MX,shorts,2025-09-17,https://www.youtube.com/watch?v=43mAAq1ErIY,16925694,42288,180,#ai,11
6,IO01m122p1o,She Love's The Touch ‚ù§Ô∏è pt2 #viral #shorts #ai #aisareedivas,AI Saree Divas,2025-09-10T13:57:11Z,MX,shorts,2025-09-17,https://www.youtube.com/watch?v=IO01m122p1o,15031647,42928,138,"#viral,#shorts,#ai,#aisareedivas",6
7,nrhrkDHdX9E,so cute HAHA ¬©Ô∏èto the owner#ccto #eunwoo #ai  #youtube #youtubeshorts #trending #fyp„Ç∑„Çöviral #astro,Eunwoocheee Fan üí´,2025-09-10T11:06:49Z,MX,shorts,2025-09-17,https://www.youtube.com/watch?v=nrhrkDHdX9E,9092577,90321,1619,"#ccto,#eunwoo,#ai,#youtube,#youtubeshorts,#trending,#fyp,#astro",6
8,8-v2UNQWqhU,The soldier saved pilot from airplane disaster in air! #ai #army #ytshorts,ETC BackLol Facts,2025-09-13T13:30:09Z,MX,shorts,2025-09-17,https://www.youtube.com/watch?v=8-v2UNQWqhU,8449799,0,24,"#ai,#army,#ytshorts",21
9,99nepSPkgfo,Ph·∫ßn 166: Capy v√† ƒë√°m b·∫°n nh·∫£y h·ªì b∆°i #thientruongdaily #funny #ai #capybara,THI√äN TR∆Ø·ªúNG DAILY,2025-09-11T10:33:38Z,MX,shorts,2025-09-17,https://www.youtube.com/watch?v=99nepSPkgfo,7765613,24680,114,"#thientruongdaily,#funny,#ai,#capybara",8
10,Av45KO6wW4o,Real life Vs AI. Part 21,Jiemba Sands,2025-09-12T13:00:31Z,MX,shorts,2025-09-17,https://www.youtube.com/watch?v=Av45KO6wW4o,7626841,187597,470,"#ai,#vs,#reallife",20
11,SLjMh8r9SMo,Husky Puppy's Clever Call for Help! üê∂üëÄ Mom Saved!...#ai #rescue #wildlife #animals,Catoo Mission,2025-09-10T17:27:16Z,MX,shorts,2025-09-17,https://www.youtube.com/watch?v=SLjMh8r9SMo,6960510,15063,13,"#ai,#rescue,#wildlife,#animals",8
12,v5hIeXLZims,üò¢RUMI was rescued by Mira and Zoey after the incident. #ai #kpop #funny #shorst #kpopdemonhunters,CuteVibes ,2025-09-11T19:00:53Z,MX,shorts,2025-09-17,https://www.youtube.com/watch?v=v5hIeXLZims,6921826,42148,15,"#ai,#kpop,#funny,#shorst,#kpopdemonhunters",20
13,U-WOsIR07Gs,The poor kitten and the Transformer Bumblebee save goldfish!#shorts #ai #cat#funny#cartoon#animation,kitten Storys,2025-09-11T07:30:13Z,MX,shorts,2025-09-17,https://www.youtube.com/watch?v=U-WOsIR07Gs,6892188,41012,15,,13
14,wWxFQtQ6cZw,‡§ö‡§ø‡§Ç‡§ü‡•Ç ‡§®‡•á ‡§™‡§æ‡§™‡§æ ‡§ï‡§æ ‡§ï‡•ã‡§≤‡•ç‡§°‡§°‡•ç‡§∞‡§ø‡§Ç‡§ï ‡§ö‡•Å‡§∞‡§æ‡§Ø‡§æ ü•µ | #viral #facts #shortvideo #ai,SHORTCUT RIXX,2025-09-12T13:12:44Z,MX,shorts,2025-09-17,https://www.youtube.com/watch?v=wWxFQtQ6cZw,6693617,24767,1,"#viral,#facts,#shortvideo,#ai",8
15,Bl64UYjozwk,Indian IAS Officer Exposes Dowry Demand in a Wedding üí™‚ù§Ô∏è #ai #ias #shorts,Genius Feed,2025-09-10T12:12:12Z,MX,shorts,2025-09-17,https://www.youtube.com/watch?v=Bl64UYjozwk,6590408,0,52,"#ai,#ias,#shorts",54
16,CzLYvJPkF-Q,Indian woman soldier saved all the passengers in the plane üò≠ #ai #army #airplane #save,ai short time ,2025-09-12T13:31:25Z,MX,shorts,2025-09-17,https://www.youtube.com/watch?v=CzLYvJPkF-Q,6436454,63387,34,"#ai,#army,#airplane,#save",23
17,hcM-EnDI3O8,ÿßŸÑŸÇÿ∑Ÿá ŸÖŸäÿßŸà ÿ±ŸÖÿ™ ÿ®ÿ≥ÿ®Ÿàÿ≥ ŸÖŸÜ ÿßŸÑÿ∑Ÿäÿßÿ±Ÿá... #cat  #animation  #ai  #funny  #funnyvideo,Meowverse,2025-09-11T11:47:36Z,MX,shorts,2025-09-17,https://www.youtube.com/watch?v=hcM-EnDI3O8,6194975,89831,470,"#cat,#animation,#ai,#funny,#funnyvideo",56
18,EMVzz-k4oV0,AI Monkey vs Electric Hair Dryer #shorts,CrazyVers,2025-09-12T12:36:25Z,MX,shorts,2025-09-17,https://www.youtube.com/watch?v=EMVzz-k4oV0,5723493,35908,9,"#ai,#shorts,#funnymonkey,#bathroomdisaster,#viral",37
19,bxxtFn8wegs,Trending Instagram Viral Photo Editing | Google Gemini Viral Photo Editing | Ai photo Editing #ai‚Äã‚Äã,Manisha Editing 4u,2025-09-12T08:30:31Z,MX,shorts,2025-09-17,https://www.youtube.com/watch?v=bxxtFn8wegs,5375784,54406,1815,"#ai,#aiphotoediting,#miniature,#miniaturemotorcycle,#miniaturecor,#chatgpt,#gemini,#photoediting,#viralphotoediting,#viralphotographyshorts,#howtoeditphotoinmobile,#howtoeditphotos,#aiart,#aiediting,#tutorial,#youtubeshorts,#youtubetutorial,#latest2025,#apnatech21,#tech,#tips,#bananaai,#geminiaiphoto,#photomagic,#aicreations,#shortsai,#dailyshorts,#techshorts,#newupdate,#aitransformation",50
20,6WCuBENCt4Y,‡Æ§‡Æø‡Æ∞‡ØÅ‡ÆÆ‡Æ£ ‡Æ®‡Æø‡Æ≤‡Øà‡ÆÆ‡Øà #90skids #90sweddingstatusvideo #tamil #aivideo #ai #aibaby #babytalk #viralaivideos,  üåà #90sKids nostalgia,2025-09-11T02:46:18Z,MX,shorts,2025-09-17,https://www.youtube.com/watch?v=6WCuBENCt4Y,4741716,32449,63,"#90skids,#90sweddingstatusvideo,#tamil,#aivideo,#ai,#aibaby,#babytalk,#viralaivideos",9